293973,620,16,0,0,26,128,0,0,128,0,0,0,0,0,0,0,0
168517,620,16,128,0,26,176,0,0,80,0,0,0,0,32,0,0,-48
300999,620,16,0,0,26,176,0,0,80,0,-128,0,0,0,0,0,0
299957,620,16,0,0,26,176,0,0,80,0,0,0,0,0,0,0,0
299199,620,16,0,0,26,176,0,0,80,0,0,0,0,0,0,0,0
300099,620,16,0,0,26,176,0,0,80,0,0,0,0,0,0,0,0
299974,620,16,0,0,26,176,0,0,80,0,0,0,0,0,0,0,0
344975,620,16,0,0,26,176,0,0,80,0,0,0,0,0,0,0,0
299977,620,16,0,0,26,176,0,0,144,0,0,0,0,0,0,0,0
299636,620,16,0,0,26,176,0,0,144,0,0,0,0,0,0,0,0
299978,620,16,0,0,26,176,0,0,144,0,0,0,0,0,0,0,0
299925,620,16,0,0,26,176,0,0,144,0,0,0,0,0,0,0,0
299968,620,16,0,0,26,176,0,0,144,0,0,0,0,0,0,0,0
299909,620,16,0,0,26,176,0,0,144,0,0,0,0,0,0,0,0
318965,620,16,0,0,26,176,0,0,144,0,0,0,0,0,0,0,0
299977,620,16,0,0,26,176,0,0,144,0,0,0,0,0,0,0,0
300437,620,16,0,0,26,176,0,0,144,0,0,0,0,0,0,0,0
299977,620,16,0,0,26,176,0,0,144,0,0,0,0,0,0,0,0
299979,620,16,0,0,26,176,0,0,144,0,0,0,0,0,0,0,0
299977,620,16,0,0,26,176,0,0,128,0,0,0,0,0,0,0,0
300402,620,16,0,0,26,176,0,0,128,0,0,0,0,0,0,0,0
299977,620,16,0,0,26,176,0,0,128,0,0,0,0,0,0,0,0
299977,620,16,0,0,26,176,0,0,128,0,0,0,0,0,0,0,0
319507,620,16,0,0,37,176,0,0,128,0,0,0,0,0,0,0,0
299975,620,16,0,0,35,176,0,0,128,0,0,0,0,0,0,0,0
281036,620,16,0,0,34,176,0,0,128,0,0,0,0,0,0,0,0
299978,620,16,0,0,34,176,0,0,128,0,0,0,0,0,0,0,0
299977,620,16,0,0,27,176,0,0,128,0,0,0,-3,0,0,0,0
280979,620,16,0,0,26,176,0,0,128,0,0,0,0,0,0,0,0
300468,620,16,0,0,26,176,0,0,128,0,0,0,0,0,0,0,0
299961,620,16,0,0,26,176,0,0,128,0,0,0,0,0,0,0,0
300043,620,16,0,0,27,176,0,0,128,0,0,0,1,0,0,0,0
299978,620,16,0,0,27,176,0,0,128,0,0,0,0,0,0,0,0
299382,620,16,0,0,32,176,0,0,128,0,0,0,3,0,0,0,0
299976,620,16,0,0,34,176,0,0,128,0,0,0,0,0,0,0,0
299979,620,16,0,0,26,176,0,0,128,0,0,0,0,0,0,0,0
299977,620,16,0,0,26,176,0,0,128,0,0,0,0,0,0,0,0
299977,620,16,0,0,26,176,0,0,128,0,0,0,0,0,0,0,0
318974,620,16,0,0,30,176,0,0,128,0,0,0,4,0,0,0,0
280979,620,16,0,0,39,176,0,0,128,0,0,0,9,0,0,0,0
299977,620,16,0,0,39,176,0,0,128,0,0,0,-4,0,0,0,0
300430,620,16,0,0,38,176,0,0,128,0,0,0,0,0,0,0,0
299592,620,16,0,0,36,176,0,0,128,0,0,0,0,0,0,0,0
299977,620,16,0,0,38,176,0,0,128,0,0,0,2,0,0,0,0
299228,620,16,0,0,26,176,0,0,128,0,0,0,0,0,0,0,0
299977,620,16,0,0,26,176,0,0,128,0,0,0,0,0,0,0,0
299977,620,16,0,0,26,176,0,0,128,0,0,0,0,0,0,0,0
299978,620,16,0,0,26,176,0,0,128,0,0,0,-7,0,0,0,0
299996,620,16,0,0,26,176,0,0,128,0,0,0,0,0,0,0,0
299993,620,16,0,0,29,176,0,0,128,0,0,0,3,0,0,0,0
299979,620,16,0,0,33,176,0,0,128,0,0,0,-1,0,0,0,0
299992,620,16,0,0,26,176,0,0,128,0,0,0,0,0,0,0,0
300014,620,16,0,0,26,176,0,0,128,0,0,0,0,0,0,0,0
299977,620,16,0,0,26,176,0,0,128,0,0,0,0,0,0,0,0
299978,620,16,0,0,26,176,0,0,128,0,0,0,0,0,0,0,0
280977,620,16,0,0,26,176,0,0,128,0,0,0,0,0,0,0,0
299608,620,16,0,0,26,176,0,0,128,0,0,0,0,0,0,0,0
301303,620,16,0,0,26,176,0,0,128,0,0,0,0,0,0,0,0
317651,620,16,0,0,26,176,0,0,128,0,0,0,0,0,0,0,0
299961,620,16,0,0,26,176,0,0,128,0,0,0,0,0,0,0,0
299976,620,16,0,0,26,176,0,0,128,0,0,0,0,0,0,0,0
299960,620,16,0,0,26,176,0,0,128,0,0,0,0,0,0,0,0
300212,620,16,0,0,26,176,0,0,128,0,0,0,0,0,0,0,0
299960,620,16,0,0,26,176,0,0,128,0,0,0,0,0,0,0,0
299978,620,16,0,0,26,176,0,0,128,0,0,0,0,0,0,0,0
299978,620,16,0,0,26,176,0,0,128,0,0,0,0,0,0,0,0
280983,620,16,0,0,28,176,0,0,128,0,0,0,2,0,0,0,0
299963,620,16,0,0,26,176,0,0,128,0,0,0,-3,0,0,0,0
300200,620,16,0,0,33,176,0,0,128,0,0,0,-1,0,0,0,0
299976,620,16,0,0,34,176,0,0,128,0,0,0,-1,0,0,0,0
300295,620,16,0,0,26,176,0,0,128,0,0,0,0,0,0,0,0
299976,620,16,0,0,26,176,0,0,128,0,0,0,0,0,0,0,0
299230,620,16,0,0,26,176,0,0,128,0,0,0,0,0,0,0,0
299976,620,16,0,0,26,176,0,0,128,0,0,0,0,0,0,0,0
318976,620,16,0,0,26,176,0,0,128,0,0,0,0,0,0,0,0
299822,620,16,0,0,26,176,0,0,128,0,0,0,0,0,0,0,0
318976,620,16,0,0,26,176,0,0,128,0,0,0,0,0,0,0,0
280978,620,16,0,0,26,176,0,0,128,0,0,0,0,0,0,0,0
300821,620,16,0,0,26,176,0,0,128,0,0,0,0,0,0,0,0
299976,620,16,0,0,26,176,0,0,128,0,0,0,0,0,0,0,0
299873,620,16,0,0,26,176,0,0,128,0,0,0,0,0,0,0,0
300179,620,16,0,0,26,176,0,0,128,0,0,0,0,0,0,0,0
299993,620,16,0,0,26,176,0,0,128,0,0,0,0,0,0,0,0
299960,620,16,0,0,26,176,0,0,128,0,0,0,0,0,0,0,0
300291,620,16,0,0,26,176,0,0,128,0,0,0,0,0,0,0,0
319074,620,16,0,0,26,176,0,0,128,0,0,0,0,0,0,0,0
300336,620,16,0,0,26,176,0,0,128,0,0,0,0,0,0,0,0
299617,620,16,0,0,26,176,0,0,128,0,0,0,0,0,0,0,0
300128,620,16,0,0,27,176,0,0,128,0,0,0,1,0,0,0,0
299849,620,16,0,0,26,176,0,0,128,0,0,0,0,0,0,0,0
300613,620,16,0,0,26,176,0,0,128,0,0,0,0,0,0,0,0
299342,620,16,0,0,26,176,0,0,128,0,0,0,0,0,0,0,0
280778,620,16,0,0,26,176,0,0,128,0,0,0,0,0,0,0,0
280978,620,16,0,0,26,176,0,0,128,0,0,0,0,0,0,0,0
299893,620,16,0,0,26,176,0,0,128,0,0,0,0,0,0,0,0
299979,620,16,0,0,26,176,0,0,128,0,0,0,0,0,0,0,0
299959,620,16,0,0,26,176,0,0,128,0,0,0,0,0,0,0,0
299976,620,16,0,0,26,176,0,0,128,0,0,0,0,0,0,0,0
299977,620,16,0,0,26,176,0,0,128,0,0,0,0,0,0,0,0
280906,620,16,0,0,26,176,0,0,128,0,0,0,0,0,0,0,0
300239,620,16,0,0,26,176,0,0,128,0,0,0,0,0,0,0,0
299976,620,16,0,0,26,176,0,0,128,0,0,0,0,0,0,0,0
318976,620,16,0,0,26,176,0,0,128,0,0,0,0,0,0,0,0
300635,620,16,0,0,26,176,0,0,128,0,0,0,0,0,0,0,0
299976,620,16,0,0,26,176,0,0,128,0,0,0,0,0,0,0,0
318976,620,16,0,0,26,176,0,0,128,0,0,0,0,0,0,0,0
299636,620,16,0,0,26,176,0,0,128,0,0,0,0,0,0,0,0
299595,620,16,0,0,26,176,0,0,128,0,0,0,0,0,0,0,0
299961,620,16,0,0,26,176,0,0,128,0,0,0,0,0,0,0,0
299977,620,16,0,0,26,176,0,0,128,0,0,0,0,0,0,0,0
299976,620,16,0,0,26,176,0,0,128,0,0,0,0,0,0,0,0
299977,620,16,0,0,26,176,0,0,128,0,0,0,0,0,0,0,0
299977,620,16,0,0,26,176,0,0,128,0,0,0,0,0,0,0,0
299975,620,16,0,0,39,176,0,0,128,0,0,0,0,0,0,0,0
300607,620,16,0,0,28,176,0,0,128,0,0,0,-9,0,0,0,0
299977,620,16,0,0,26,176,0,0,128,0,0,0,0,0,0,0,0
299976,620,16,0,0,26,176,0,0,128,0,0,0,0,0,0,0,0
300739,620,16,0,0,26,176,0,0,128,0,0,0,0,0,0,0,0
299976,620,16,0,0,26,176,0,0,128,0,0,0,0,0,0,0,0
299979,620,16,0,0,26,176,0,0,128,0,0,0,0,0,0,0,0
299744,620,16,0,0,26,176,0,0,128,0,0,0,0,0,0,0,0
318975,620,16,0,0,26,176,0,0,128,0,0,0,0,0,0,0,0
299993,620,16,0,0,26,176,0,0,128,0,0,0,0,0,0,0,0
299961,620,16,0,0,26,176,0,0,128,0,0,0,0,0,0,0,0
280979,620,16,0,0,26,176,0,0,128,0,0,0,0,0,0,0,0
299977,620,16,0,0,26,176,0,0,128,0,0,0,0,0,0,0,0
299975,620,16,0,0,26,176,0,0,128,0,0,0,0,0,0,0,0
300369,620,16,0,0,26,176,0,0,128,0,0,0,0,0,0,0,0
299584,620,16,0,0,26,176,0,0,128,0,0,0,0,0,0,0,0
318976,620,16,0,0,26,176,0,0,128,0,0,0,0,0,0,0,0
300793,620,16,0,0,26,176,0,0,128,0,0,0,0,0,0,0,0
299976,620,16,0,0,26,176,0,0,128,0,0,0,0,0,0,0,0
299981,620,16,0,0,26,176,0,0,128,0,0,0,0,0,0,0,0
299972,620,16,0,0,26,176,0,0,128,0,0,0,0,0,0,0,0
299743,620,16,0,0,26,176,0,0,128,0,0,0,0,0,0,0,0
300224,620,16,0,0,26,176,0,0,128,0,0,0,0,0,0,0,0
300023,620,16,0,0,26,176,0,0,128,0,0,0,0,0,0,0,0
300167,620,16,0,0,26,176,0,0,128,0,0,0,0,0,0,0,0
300931,620,16,0,0,26,176,0,0,128,0,0,0,0,0,0,0,0
300666,620,16,0,0,26,176,0,0,128,0,0,0,0,0,0,0,0
299728,620,16,0,0,26,176,0,0,128,0,0,0,0,0,0,0,0
281212,620,16,0,0,26,176,0,0,128,0,0,0,0,0,0,0,0
299976,620,16,0,0,26,176,0,0,128,0,0,0,0,0,0,0,0
299656,620,16,0,0,26,176,0,0,128,0,0,0,0,0,0,0,0
300393,620,16,0,0,26,176,0,0,128,0,0,0,0,0,0,0,0
319462,620,16,0,0,26,176,0,0,128,0,0,0,0,0,0,0,0
299744,620,16,0,0,26,176,0,0,128,0,0,0,0,0,0,0,0
299927,620,16,0,0,26,176,0,0,128,0,0,0,0,0,0,0,0
300068,620,16,0,0,26,176,0,0,128,0,0,0,0,0,0,0,0
299976,620,16,0,0,26,176,0,0,128,0,0,0,0,0,0,0,0
281319,620,16,0,0,26,176,0,0,128,0,0,0,0,0,0,0,0
299977,620,16,0,0,26,176,0,0,128,0,0,0,0,0,0,0,0
299977,620,16,0,0,26,176,0,0,128,0,0,0,0,0,0,0,0
299975,620,16,0,0,26,176,0,0,128,0,0,0,0,0,0,0,0
299977,620,16,0,0,26,176,0,0,128,0,0,0,0,0,0,0,0
299979,620,16,0,0,26,176,0,0,128,0,0,0,0,0,0,0,0
319072,620,16,0,0,26,176,0,0,128,0,0,0,0,0,0,0,0
300300,620,16,0,0,26,176,0,0,128,0,0,0,0,0,0,0,0
299287,620,16,0,0,27,176,0,0,128,0,0,0,1,0,0,0,0
318981,620,16,0,0,26,176,0,0,128,0,0,0,-1,0,0,0,0
299977,620,16,0,0,26,176,0,0,128,0,0,0,0,0,0,0,0
299977,620,16,0,0,26,176,0,0,128,0,0,0,0,0,0,0,0
299814,620,16,0,0,26,176,0,0,128,0,0,0,0,0,0,0,0
318890,620,16,0,0,26,176,0,0,128,0,0,0,0,0,0,0,0
299977,620,16,0,0,26,176,0,0,128,0,0,0,0,0,0,0,0
299977,620,16,0,0,26,176,0,0,128,0,0,0,0,0,0,0,0
299978,620,16,0,0,26,176,0,0,128,0,0,0,0,0,0,0,0
299977,620,16,0,0,26,176,0,0,128,0,0,0,0,0,0,0,0
299978,620,16,0,0,26,176,0,0,128,0,0,0,0,0,0,0,0
299993,620,16,0,0,26,176,0,0,128,0,0,0,0,0,0,0,0
299977,620,16,0,0,26,176,0,0,128,0,0,0,0,0,0,0,0
299977,620,16,0,0,26,176,0,0,128,0,0,0,0,0,0,0,0
318698,620,16,0,0,26,176,0,0,128,0,0,0,0,0,0,0,0
299069,620,16,0,0,26,176,0,0,128,0,0,0,0,0,0,0,0
318976,620,16,0,0,26,176,0,0,128,0,0,0,0,0,0,0,0
280979,620,16,0,0,26,176,0,0,128,0,0,0,0,0,0,0,0
299977,620,16,0,0,26,176,0,0,128,0,0,0,-5,0,0,0,0
300176,620,16,0,0,26,176,0,0,128,0,0,0,0,0,0,0,0
299977,620,16,0,0,26,176,0,0,128,0,0,0,0,0,0,0,0
299976,620,16,0,0,26,176,0,0,128,0,0,0,0,0,0,0,0
299977,620,16,0,0,26,176,0,0,128,0,0,0,0,0,0,0,0
299977,620,16,0,0,26,176,0,0,128,0,0,0,0,0,0,0,0
300428,620,16,0,0,26,176,0,0,128,0,0,0,0,0,0,0,0
280978,620,16,0,0,26,176,0,0,128,0,0,0,0,0,0,0,0
299977,620,16,0,0,26,176,0,0,128,0,0,0,0,0,0,0,0
299977,620,16,0,0,26,176,0,0,128,0,0,0,0,0,0,0,0
299977,620,16,0,0,26,176,0,0,128,0,0,0,0,0,0,0,0
299981,620,16,0,0,26,176,0,0,128,0,0,0,0,0,0,0,0
300166,620,16,0,0,26,176,0,0,128,0,0,0,0,0,0,0,0
300009,620,16,0,0,26,176,0,0,128,0,0,0,0,0,0,0,0
299942,620,16,0,0,27,176,0,0,128,0,0,0,1,0,0,0,0
317908,620,16,0,0,26,176,0,0,128,0,0,0,0,0,0,0,0
299977,620,16,0,0,26,176,0,0,128,0,0,0,0,0,0,0,0
299976,620,16,0,0,26,176,0,0,128,0,0,0,0,0,0,0,0
299989,620,16,0,0,26,176,0,0,128,0,0,0,0,0,0,0,0
299977,620,16,0,0,26,176,0,0,128,0,0,0,0,0,0,0,0
299962,620,16,0,0,26,176,0,0,128,0,0,0,0,0,0,0,0
318976,620,16,0,0,26,176,0,0,128,0,0,0,0,0,0,0,0
299976,620,16,0,0,26,176,0,0,128,0,0,0,0,0,0,0,0
299975,620,16,0,0,26,176,0,0,128,0,0,0,0,0,0,0,0
299977,620,16,0,0,26,176,0,0,128,0,0,0,0,0,0,0,0
299995,620,16,0,0,26,176,0,0,128,0,0,0,0,0,0,0,0
299959,620,16,0,0,26,176,0,0,128,0,0,0,0,0,0,0,0
300003,620,16,0,0,26,176,0,0,128,0,0,0,0,0,0,0,0
299303,620,16,0,0,26,176,0,0,128,0,0,0,0,0,0,0,0
299903,620,16,0,0,26,176,0,0,128,0,0,0,0,0,0,0,0
299992,620,16,0,0,26,176,0,0,128,0,0,0,0,0,0,0,0
299976,620,16,0,0,26,176,0,0,128,0,0,0,0,0,0,0,0
300605,620,16,0,0,26,176,0,0,128,0,0,0,0,0,0,0,0
299346,620,16,0,0,26,176,0,0,128,0,0,0,0,0,0,0,0
299976,620,16,0,0,26,176,0,0,128,0,0,0,0,0,0,0,0
318813,620,16,0,0,26,176,0,0,128,0,0,0,0,0,0,0,0
281138,620,16,0,0,26,176,0,0,128,0,0,0,0,0,0,0,0
299980,620,16,0,0,26,176,0,0,128,0,0,0,0,0,0,0,0
300079,620,16,0,0,26,176,0,0,128,0,0,0,0,0,0,0,0
299979,620,16,0,0,26,176,0,0,128,0,0,0,0,0,0,0,0
300651,620,16,0,0,26,176,0,0,128,0,0,0,0,0,0,0,0
318297,620,16,0,0,26,176,0,0,128,0,0,0,0,0,0,0,0
299959,620,16,0,0,26,176,0,0,128,0,0,0,0,0,0,0,0
299950,620,16,0,0,26,176,0,0,128,0,0,0,0,0,0,0,0
299528,620,16,0,0,26,176,0,0,128,0,0,0,0,0,0,0,0
299901,620,16,0,0,26,176,0,0,128,0,0,0,0,0,0,0,0
299977,620,16,0,0,26,176,0,0,128,0,0,0,0,0,0,0,0
318976,620,16,0,0,26,176,0,0,128,0,0,0,0,0,0,0,0
299873,620,16,0,0,26,176,0,0,128,0,0,0,0,0,0,0,0
299152,620,16,0,0,27,176,0,0,128,0,0,0,1,0,0,0,0
299980,620,16,0,0,26,176,0,0,128,0,0,0,-1,0,0,0,0
318975,620,16,0,0,26,176,0,0,128,0,0,0,0,0,0,0,0
299248,620,16,0,0,26,176,0,0,128,0,0,0,0,0,0,0,0
300061,620,16,0,0,26,176,0,0,128,0,0,0,0,0,0,0,0
299837,620,16,0,0,26,176,0,0,128,0,0,0,0,0,0,0,0
299864,620,16,0,0,26,176,0,0,128,0,0,0,0,0,0,0,0
299978,620,16,0,0,26,176,0,0,128,0,0,0,0,0,0,0,0
300232,620,16,0,0,26,176,0,0,128,0,0,0,0,0,0,0,0
319467,620,16,0,0,26,176,0,0,128,0,0,0,0,0,0,0,0
280488,620,16,0,0,26,176,0,0,128,0,0,0,0,0,0,0,0
318595,620,16,0,0,26,176,0,0,128,0,0,0,0,0,0,0,0
280978,620,16,0,0,26,176,0,0,128,0,0,0,0,0,0,0,0
299976,620,16,0,0,26,176,0,0,128,0,0,0,0,0,0,0,0
299977,620,16,0,0,32,176,0,0,128,0,0,0,6,0,0,0,0
299977,620,16,0,0,26,176,0,0,128,0,0,0,-6,0,0,0,0
299436,620,16,0,0,26,176,0,0,128,0,0,0,0,0,0,0,0
299976,620,16,0,0,26,176,0,0,128,0,0,0,0,0,0,0,0
299976,620,16,0,0,26,176,0,0,128,0,0,0,0,0,0,0,0
299978,620,16,0,0,26,176,0,0,128,0,0,0,0,0,0,0,0
300188,620,16,0,0,26,176,0,0,128,0,0,0,0,0,0,0,0
299845,620,16,0,0,26,176,0,0,128,0,0,0,0,0,0,0,0
319277,620,16,0,0,27,176,0,0,128,0,0,0,1,0,0,0,0
299890,620,16,0,0,27,176,0,0,128,0,0,0,0,0,0,0,0
299960,620,16,0,0,27,176,0,0,128,0,0,0,0,0,0,0,0
299981,620,16,0,0,27,176,0,0,128,0,0,0,0,0,0,0,0
299974,620,16,0,0,27,176,0,0,128,0,0,0,0,0,0,0,0
299975,620,16,0,0,27,176,0,0,128,0,0,0,0,0,0,0,0
299978,620,16,0,0,28,176,0,0,128,0,0,0,1,0,0,0,0
318112,620,16,0,0,27,176,0,0,128,0,0,0,0,0,0,0,0
280995,620,16,0,0,27,176,0,0,128,0,0,0,0,0,0,0,0
299977,620,16,0,0,26,176,0,0,128,0,0,0,0,0,0,0,0
299977,620,16,0,0,26,176,0,0,128,0,0,0,0,0,0,0,0
299977,620,16,0,0,26,176,0,0,128,0,0,0,0,0,0,0,0
319375,620,16,0,0,26,176,0,0,128,0,0,0,0,0,0,0,0
280579,620,16,0,0,26,176,0,0,128,0,0,0,0,0,0,0,0
299977,620,16,0,0,26,176,0,0,128,0,0,0,0,0,0,0,0
299931,620,16,0,0,26,176,0,0,128,0,0,0,0,0,0,0,0
299344,620,16,0,0,26,176,0,0,128,0,0,0,0,0,0,0,0
299976,620,16,0,0,26,176,0,0,128,0,0,0,0,0,0,0,0
299977,620,16,0,0,26,176,0,0,128,0,0,0,0,0,0,0,0
300023,620,16,0,0,26,176,0,0,128,0,0,0,0,0,0,0,0
320291,620,16,0,0,26,176,0,0,128,0,0,0,0,0,0,0,0
299982,620,16,0,0,26,176,0,0,128,0,0,0,0,0,0,0,0
300495,620,16,0,0,26,176,0,0,128,0,0,0,0,0,0,0,0
299977,620,16,0,0,26,176,0,0,128,0,0,0,0,0,0,0,0
299975,620,16,0,0,32,176,0,0,128,0,0,0,6,0,0,0,0
299975,620,16,0,0,39,176,0,0,128,0,0,0,1,0,0,0,0
299977,620,16,0,0,43,176,0,0,128,0,0,0,1,0,0,0,0
318977,620,16,0,0,38,176,0,0,128,0,0,0,-4,0,0,0,0
299964,620,16,0,0,26,176,0,0,128,0,0,0,0,0,0,0,0
299974,620,16,0,0,26,176,0,0,128,0,0,0,0,0,0,0,0
299839,620,16,0,0,26,176,0,0,128,0,0,0,0,0,0,0,0
299978,620,16,0,0,26,176,0,0,128,0,0,0,0,0,0,0,0
281124,620,16,0,0,34,176,0,0,128,0,0,0,0,0,0,0,0
299967,620,16,0,0,26,176,0,0,128,0,0,0,0,0,0,0,0
299974,620,16,0,0,37,176,0,0,128,0,0,0,11,0,0,0,0
299976,620,16,0,0,41,176,0,0,128,0,0,0,4,0,0,0,0
299978,620,16,0,0,44,176,0,0,128,0,0,0,0,0,0,0,0
318974,620,16,0,0,26,176,0,0,128,0,0,0,0,0,0,0,0
299977,620,16,0,0,26,176,0,0,128,0,0,0,0,0,0,0,0
299976,620,16,0,0,26,176,0,0,128,0,0,0,0,0,0,0,0
299976,620,16,0,0,26,176,0,0,128,0,0,0,0,0,0,0,0
299978,620,16,0,0,26,176,0,0,128,0,0,0,0,0,0,0,0
299995,620,16,0,0,26,176,0,0,128,0,0,0,0,0,0,0,0
299977,620,16,0,0,26,176,0,0,128,0,0,0,0,0,0,0,0
299976,620,16,0,0,26,176,0,0,128,0,0,0,0,0,0,0,0
299977,620,16,0,0,26,176,0,0,128,0,0,0,0,0,0,0,0
300106,620,16,0,0,26,176,0,0,128,0,0,0,0,0,0,0,0
299977,620,16,0,0,26,176,0,0,128,0,0,0,0,0,0,0,0
299742,620,16,0,0,27,176,0,0,128,0,0,0,-5,0,0,0,0
300175,620,16,0,0,26,176,0,0,128,0,0,0,0,0,0,0,0
300013,620,16,0,0,26,176,0,0,128,0,0,0,0,0,0,0,0
280984,620,16,0,0,26,176,0,0,128,0,0,0,0,0,0,0,0
299971,620,16,0,0,26,176,0,0,128,0,0,0,0,0,0,0,0
300251,620,16,0,0,26,176,0,0,128,0,0,0,0,0,0,0,0
299280,620,16,0,0,26,176,0,0,128,0,0,0,-1,0,0,0,0
318849,620,16,0,0,26,176,0,0,128,0,0,0,-8,0,0,0,0
280975,620,16,0,0,27,176,0,0,128,0,0,0,1,0,0,0,0
300170,620,16,0,0,26,176,0,0,128,0,0,0,0,0,0,0,0
318965,620,16,0,0,26,176,0,0,128,0,0,0,0,0,0,0,0
299974,620,16,0,0,41,176,0,0,128,0,0,0,1,0,0,0,0
299976,620,16,0,0,39,176,0,0,128,0,0,0,-1,0,0,0,0
299959,620,16,0,0,29,176,0,0,128,0,0,0,-3,0,0,0,0
299975,620,16,0,0,27,176,0,0,128,0,0,0,-2,0,0,0,0
300159,620,16,0,0,27,176,0,0,128,0,0,0,0,0,0,0,0
299979,620,16,0,0,26,176,0,0,128,0,0,0,0,0,0,0,0
318972,620,16,0,0,27,176,0,0,128,0,0,0,1,0,0,0,0
280998,620,16,0,0,26,176,0,0,128,0,0,0,-1,0,0,0,0
299977,620,16,0,0,28,176,0,0,128,0,0,0,1,0,0,0,0
299975,620,16,0,0,34,176,0,0,128,0,0,0,6,0,0,0,0
318976,620,16,0,0,35,176,0,0,128,0,0,0,0,0,0,0,0
281652,620,16,0,0,36,176,0,0,128,0,0,0,1,0,0,0,0
299979,620,16,0,0,40,176,0,0,128,0,0,0,1,0,0,0,0
299030,620,16,0,0,39,176,0,0,128,0,0,0,0,0,0,0,0
318974,620,16,0,0,38,176,0,0,128,0,0,0,0,0,0,0,0
299977,620,16,0,0,38,176,0,0,128,0,0,0,0,0,0,0,0
299975,620,16,0,0,38,176,0,0,128,0,0,0,0,0,0,0,0
299991,620,16,0,0,38,176,0,0,128,0,0,0,0,0,0,0,0
299776,620,16,0,0,39,176,0,0,128,0,0,0,0,0,0,0,0
299979,620,16,0,0,38,176,0,0,128,0,0,0,-1,0,0,0,0
299977,620,16,0,0,37,176,0,0,128,0,0,0,0,0,0,0,0
299975,620,16,0,0,34,176,0,0,128,0,0,0,-1,0,0,0,0
299977,620,16,0,0,34,176,0,0,128,0,0,0,0,0,0,0,0
300079,620,16,0,0,33,176,0,0,128,0,0,0,-1,0,0,0,0
299764,620,16,0,0,33,176,0,0,128,0,0,0,0,0,0,0,0
299979,620,16,0,0,32,176,0,0,128,0,0,0,0,0,0,0,0
300093,620,16,0,0,32,176,0,0,128,0,0,0,0,0,0,0,0
299751,620,16,0,0,32,176,0,0,128,0,0,0,0,0,0,0,0
299791,620,16,0,0,32,176,0,0,128,0,0,0,0,0,0,0,0
319287,620,16,0,0,32,176,0,0,128,0,0,0,0,0,0,0,0
299994,620,16,0,0,33,176,0,0,128,0,0,0,0,0,0,0,0
300061,620,16,0,0,33,176,0,0,128,0,0,0,0,0,0,0,0
299977,620,16,0,0,34,176,0,0,128,0,0,0,0,0,0,0,0
299961,620,16,0,0,35,176,0,0,128,0,0,0,1,0,0,0,0
300523,620,16,0,0,34,176,0,0,128,0,0,0,0,0,0,0,0
300075,620,16,0,0,33,176,0,0,128,0,0,0,0,0,0,0,0
299879,620,16,0,0,33,176,0,0,128,0,0,0,0,0,0,0,0
299975,620,16,0,0,30,176,0,0,128,0,0,0,-3,0,0,0,0
300504,620,16,0,0,33,176,0,0,128,0,0,0,0,0,0,0,0
299977,620,16,0,0,26,176,0,0,128,0,0,0,0,0,0,0,0
300851,620,16,0,0,26,176,0,0,128,0,0,0,0,0,0,0,0
299103,620,16,0,0,26,176,0,0,128,0,0,0,0,0,0,0,0
300007,620,16,0,0,27,176,0,0,128,0,0,0,1,0,0,0,0
299992,620,16,0,0,27,176,0,0,128,0,0,0,0,0,0,0,0
318974,620,16,0,0,27,176,0,0,128,0,0,0,0,0,0,0,0
299903,620,16,0,0,27,176,0,0,128,0,0,0,0,0,0,0,0
299978,620,16,0,0,28,176,0,0,128,0,0,0,1,0,0,0,0
299976,620,16,0,0,27,176,0,0,128,0,0,0,-1,0,0,0,0
300037,620,16,0,0,27,176,0,0,128,0,0,0,0,0,0,0,0
299917,620,16,0,0,27,176,0,0,128,0,0,0,0,0,0,0,0
300251,620,16,0,0,29,176,0,0,128,0,0,0,2,0,0,0,0
281151,620,16,0,0,32,176,0,0,128,0,0,0,1,0,0,0,0
299977,620,16,0,0,32,176,0,0,128,0,0,0,0,0,0,0,0
299993,620,16,0,0,32,176,0,0,128,0,0,0,0,0,0,0,0
281051,620,16,0,0,33,176,0,0,128,0,0,0,1,0,0,0,0
299976,620,16,0,0,33,176,0,0,128,0,0,0,0,0,0,0,0
299994,620,16,0,0,33,176,0,0,128,0,0,0,0,0,0,0,0
299975,620,16,0,0,33,176,0,0,128,0,0,0,0,0,0,0,0
299960,620,16,0,0,33,176,0,0,128,0,0,0,0,0,0,0,0
299977,620,16,0,0,33,176,0,0,128,0,0,0,0,0,0,0,0
281044,620,16,0,0,33,176,0,0,128,0,0,0,0,0,0,0,0
299922,620,16,0,0,33,176,0,0,128,0,0,0,0,0,0,0,0
299977,620,16,0,0,33,176,0,0,128,0,0,0,0,0,0,0,0
299897,620,16,0,0,33,176,0,0,128,0,0,0,0,0,0,0,0
299978,620,16,0,0,33,176,0,0,128,0,0,0,0,0,0,0,0
299979,620,16,0,0,33,176,0,0,128,0,0,0,-1,0,0,0,0
300713,620,16,0,0,33,176,0,0,128,0,0,0,0,0,0,0,0
299240,620,16,0,0,36,176,0,0,128,0,0,0,3,0,0,0,0
299977,620,16,0,0,33,176,0,0,128,0,0,0,-3,0,0,0,0
299979,620,16,0,0,33,176,0,0,128,0,0,0,-1,0,0,0,0
299977,620,16,0,0,33,176,0,0,128,0,0,0,0,0,0,0,0
299976,620,16,0,0,42,176,0,0,128,0,0,0,8,0,0,0,0
299978,620,16,0,0,34,176,0,0,128,0,0,0,-8,0,0,0,0
299978,620,16,0,0,34,176,0,0,128,0,0,0,0,0,0,0,0
299961,620,16,0,0,37,176,0,0,128,0,0,0,3,0,0,0,0
318320,620,16,0,0,34,176,0,0,128,0,0,0,0,0,0,0,0
299994,620,16,0,0,33,176,0,0,128,0,0,0,0,0,0,0,0
299975,620,16,0,0,33,176,0,0,128,0,0,0,0,0,0,0,0
299977,620,16,0,0,33,176,0,0,128,0,0,0,0,0,0,0,0
299977,620,16,0,0,33,176,0,0,128,0,0,0,0,0,0,0,0
299977,620,16,0,0,33,176,0,0,128,0,0,0,0,0,0,0,0
299993,620,16,0,0,33,176,0,0,128,0,0,0,0,0,0,0,0
318974,620,16,0,0,32,176,0,0,128,0,0,0,0,0,0,0,0
299977,620,16,0,0,32,176,0,0,128,0,0,0,0,0,0,0,0
299976,620,16,0,0,32,176,0,0,128,0,0,0,0,0,0,0,0
299853,620,16,0,0,32,176,0,0,128,0,0,0,0,0,0,0,0
319481,620,16,0,0,32,176,0,0,128,0,0,0,0,0,0,0,0
299975,620,16,0,0,33,176,0,0,128,0,0,0,0,0,0,0,0
280874,620,16,0,0,32,176,0,0,128,0,0,0,-1,0,0,0,0
299633,620,16,0,0,32,176,0,0,128,0,0,0,-1,0,0,0,0
299976,620,16,0,0,32,176,0,0,128,0,0,0,0,0,0,0,0
300573,620,16,0,0,33,176,0,0,128,0,0,0,0,0,0,0,0
318958,620,16,0,0,33,176,0,0,128,0,0,0,0,0,0,0,0
299976,620,16,0,0,33,176,0,0,128,0,0,0,0,0,0,0,0
280978,620,16,0,0,33,176,0,0,128,0,0,0,0,0,0,0,0
299975,620,16,0,0,33,176,0,0,128,0,0,0,0,0,0,0,0
299985,620,16,0,0,33,176,0,0,128,0,0,0,0,0,0,0,0
299960,620,16,0,0,33,176,0,0,128,0,0,0,0,0,0,0,0
280865,620,16,0,0,32,176,0,0,128,0,0,0,0,0,0,0,0
299993,620,16,0,0,33,176,0,0,128,0,0,0,0,0,0,0,0
299977,620,16,0,0,32,176,0,0,128,0,0,0,0,0,0,0,0
299976,620,16,0,0,32,176,0,0,128,0,0,0,0,0,0,0,0
299993,620,16,0,0,32,176,0,0,128,0,0,0,0,0,0,0,0
299569,620,16,0,0,32,176,0,0,128,0,0,0,0,0,0,0,0
280978,620,16,0,0,32,176,0,0,128,0,0,0,0,0,0,0,0
299957,620,16,0,0,32,176,0,0,128,0,0,0,0,0,0,0,0
299977,620,16,0,0,32,176,0,0,128,0,0,0,0,0,0,0,0
299977,620,16,0,0,32,176,0,0,128,0,0,0,0,0,0,0,0
299976,620,16,0,0,32,176,0,0,128,0,0,0,0,0,0,0,0
318975,620,16,0,0,32,176,0,0,128,0,0,0,0,0,0,0,0
281396,620,16,0,0,32,176,0,0,128,0,0,0,0,0,0,0,0
299976,620,16,0,0,32,176,0,0,128,0,0,0,0,0,0,0,0
318975,620,16,0,0,32,176,0,0,128,0,0,0,0,0,0,0,0
299978,620,16,0,0,32,176,0,0,128,0,0,0,0,0,0,0,0
299977,620,16,0,0,32,176,0,0,128,0,0,0,0,0,0,0,0
299977,620,16,0,0,33,176,0,0,128,0,0,0,1,0,0,0,0
318881,620,16,0,0,32,176,0,0,128,0,0,0,0,0,0,0,0
299978,620,16,0,0,32,176,0,0,128,0,0,0,0,0,0,0,0
280979,620,16,0,0,32,176,0,0,128,0,0,0,0,0,0,0,0
299978,620,16,0,0,32,176,0,0,128,0,0,0,0,0,0,0,0
300272,620,16,0,0,33,176,0,0,128,0,0,0,1,0,0,0,0
280977,620,16,0,0,33,176,0,0,128,0,0,0,0,0,0,0,0
300192,620,16,0,0,33,176,0,0,128,0,0,0,0,0,0,0,0
299977,620,16,0,0,33,176,0,0,128,0,0,0,0,0,0,0,0
299331,620,16,0,0,33,176,0,0,128,0,0,0,-1,0,0,0,0
299978,620,16,0,0,33,176,0,0,128,0,0,0,0,0,0,0,0
299978,620,16,0,0,32,176,0,0,128,0,0,0,0,0,0,0,0
299994,620,16,0,0,32,176,0,0,128,0,0,0,0,0,0,0,0
299977,620,16,0,0,32,176,0,0,128,0,0,0,0,0,0,0,0
299980,620,16,0,0,32,176,0,0,128,0,0,0,0,0,0,0,0
300386,620,16,0,0,31,176,0,0,128,0,0,0,-1,0,0,0,0
299991,620,16,0,0,32,176,0,0,128,0,0,0,1,0,0,0,0
299961,620,16,0,0,31,176,0,0,128,0,0,0,0,0,0,0,0
299975,620,16,0,0,31,176,0,0,128,0,0,0,0,0,0,0,0
299975,620,16,0,0,31,176,0,0,128,0,0,0,0,0,0,0,0
299979,620,16,0,0,31,176,0,0,128,0,0,0,0,0,0,0,0
318922,620,16,0,0,31,176,0,0,128,0,0,0,0,0,0,0,0
299153,620,16,0,0,31,176,0,0,128,0,0,0,0,0,0,0,0
299977,620,16,0,0,31,176,0,0,128,0,0,0,0,0,0,0,0
318959,620,16,0,0,31,176,0,0,128,0,0,0,0,0,0,0,0
280977,620,16,0,0,31,176,0,0,128,0,0,0,0,0,0,0,0
299977,620,16,0,0,31,176,0,0,128,0,0,0,0,0,0,0,0
299976,620,16,0,0,31,176,0,0,128,0,0,0,0,0,0,0,0
280980,620,16,0,0,31,176,0,0,128,0,0,0,0,0,0,0,0
299976,620,16,0,0,31,176,0,0,128,0,0,0,0,0,0,0,0
300438,620,16,0,0,31,176,0,0,128,0,0,0,0,0,0,0,0
280977,620,16,0,0,31,176,0,0,128,0,0,0,0,0,0,0,0
299996,620,16,0,0,31,176,0,0,128,0,0,0,0,0,0,0,0
280873,620,16,0,0,31,176,0,0,128,0,0,0,0,0,0,0,0
300020,620,16,0,0,31,176,0,0,128,0,0,0,0,0,0,0,0
300458,620,16,0,0,31,176,0,0,128,0,0,0,0,0,0,0,0
281563,620,16,0,0,31,176,0,0,128,0,0,0,0,0,0,0,0
299977,620,16,0,0,30,176,0,0,128,0,0,0,0,0,0,0,0
299975,620,16,0,0,30,176,0,0,128,0,0,0,0,0,0,0,0
280979,620,16,0,0,30,176,0,0,128,0,0,0,0,0,0,0,0
299993,620,16,0,0,30,176,0,0,128,0,0,0,0,0,0,0,0
299964,620,16,0,0,30,176,0,0,128,0,0,0,0,0,0,0,0
318975,620,16,0,0,30,176,0,0,128,0,0,0,0,0,0,0,0
281691,620,16,0,0,30,176,0,0,128,0,0,0,0,0,0,0,0
299975,620,16,0,0,30,176,0,0,128,0,0,0,0,0,0,0,0
300117,620,16,0,0,29,176,0,0,128,0,0,0,0,0,0,0,0
299988,620,16,0,0,27,176,0,0,128,0,0,0,-1,0,0,0,0
299975,620,16,0,0,26,176,0,0,128,0,0,0,0,0,0,0,0
300114,620,16,0,0,26,176,0,0,128,0,0,0,0,0,0,0,0
299976,620,16,0,0,28,176,0,0,128,0,0,0,1,0,0,0,0
299993,620,16,0,0,30,176,0,0,128,0,0,0,0,0,0,0,0
299977,620,16,0,0,30,176,0,0,128,0,0,0,0,0,0,0,0
299992,620,16,0,0,30,176,0,0,128,0,0,0,0,0,0,0,0
299959,620,16,0,0,30,176,0,0,128,0,0,0,0,0,0,0,0
318977,620,16,0,0,30,176,0,0,128,0,0,0,0,0,0,0,0
299355,620,16,0,0,31,176,0,0,128,0,0,0,0,0,0,0,0
319063,620,16,0,0,31,176,0,0,128,0,0,0,0,0,0,0,0
280891,620,16,0,0,31,176,0,0,128,0,0,0,0,0,0,0,0
299974,620,16,0,0,32,176,0,0,128,0,0,0,1,0,0,0,0
281151,620,16,0,0,33,176,0,0,128,0,0,0,0,0,0,0,0
299993,620,16,0,0,34,176,0,0,128,0,0,0,0,0,0,0,0
299960,620,16,0,0,34,176,0,0,128,0,0,0,0,0,0,0,0
299976,620,16,0,0,34,176,0,0,128,0,0,0,0,0,0,0,0
299976,620,16,0,0,34,176,0,0,128,0,0,0,0,0,0,0,0
319578,620,16,0,0,33,176,0,0,128,0,0,0,-1,0,0,0,0
299961,620,16,0,0,31,176,0,0,128,0,0,0,0,0,0,0,0
299985,620,16,0,0,31,176,0,0,128,0,0,0,0,0,0,0,0
318967,620,16,0,0,31,176,0,0,128,0,0,0,0,0,0,0,0
299961,620,16,0,0,31,176,0,0,128,0,0,0,0,0,0,0,0
300276,620,16,0,0,31,176,0,0,128,0,0,0,0,0,0,0,0
299976,620,16,0,0,31,176,0,0,128,0,0,0,0,0,0,0,0
300207,620,16,0,0,31,176,0,0,128,0,0,0,0,0,0,0,0
281327,620,16,0,0,31,176,0,0,128,0,0,0,0,0,0,0,0
299605,620,16,0,0,31,176,0,0,128,0,0,0,0,0,0,0,0
299976,620,16,0,0,31,176,0,0,128,0,0,0,0,0,0,0,0
299977,620,16,0,0,32,176,0,0,128,0,0,0,0,0,0,0,0
299977,620,16,0,0,32,176,0,0,128,0,0,0,0,0,0,0,0
299921,620,16,0,0,33,176,0,0,128,0,0,0,0,0,0,0,0
299992,620,16,0,0,33,176,0,0,128,0,0,0,0,0,0,0,0
299959,620,16,0,0,33,176,0,0,128,0,0,0,0,0,0,0,0
300184,620,16,0,0,32,176,0,0,128,0,0,0,0,0,0,0,0
299976,620,16,0,0,32,176,0,0,128,0,0,0,0,0,0,0,0
299978,620,16,0,0,31,176,0,0,128,0,0,0,0,0,0,0,0
299975,620,16,0,0,31,176,0,0,128,0,0,0,0,0,0,0,0
318975,620,16,0,0,31,176,0,0,128,0,0,0,0,0,0,0,0
299976,620,16,0,0,31,176,0,0,128,0,0,0,0,0,0,0,0
280856,620,16,0,0,31,176,0,0,128,0,0,0,0,0,0,0,0
299975,620,16,0,0,31,176,0,0,128,0,0,0,0,0,0,0,0
299978,620,16,0,0,31,176,0,0,128,0,0,0,0,0,0,0,0
318976,620,16,0,0,32,176,0,0,128,0,0,0,0,0,0,0,0
280976,620,16,0,0,32,176,0,0,128,0,0,0,0,0,0,0,0
299975,620,16,0,0,31,176,0,0,128,0,0,0,0,0,0,0,0
299977,620,16,0,0,31,176,0,0,128,0,0,0,0,0,0,0,0
299322,620,16,0,0,31,176,0,0,128,0,0,0,0,0,0,0,0
318356,620,16,0,0,32,176,0,0,128,0,0,0,1,0,0,0,0
299976,620,16,0,0,31,176,0,0,128,0,0,0,0,0,0,0,0
318976,620,16,0,0,31,176,0,0,128,0,0,0,-1,0,0,0,0
299977,620,16,0,0,32,176,0,0,128,0,0,0,-1,0,0,0,0
318960,620,16,0,0,32,176,0,0,128,0,0,0,0,0,0,0,0
300130,620,16,0,0,31,176,0,0,128,0,0,0,0,0,0,0,0
299349,620,16,0,0,31,176,0,0,128,0,0,0,0,0,0,0,0
318976,620,16,0,0,31,176,0,0,128,0,0,0,0,0,0,0,0
299978,620,16,0,0,31,176,0,0,128,0,0,0,-1,0,0,0,0
299976,620,16,0,0,31,176,0,0,128,0,0,0,0,0,0,0,0
299839,620,16,0,0,31,176,0,0,128,0,0,0,0,0,0,0,0
299976,620,16,0,0,31,176,0,0,128,0,0,0,0,0,0,0,0
319626,620,16,0,0,31,176,0,0,128,0,0,0,0,0,0,0,0
299976,620,16,0,0,31,176,0,0,128,0,0,0,0,0,0,0,0
299960,620,16,0,0,32,176,0,0,128,0,0,0,0,0,0,0,0
299977,620,16,0,0,32,176,0,0,128,0,0,0,0,0,0,0,0
299977,620,16,0,0,31,176,0,0,128,0,0,0,0,0,0,0,0
299975,620,16,0,0,31,176,0,0,128,0,0,0,0,0,0,0,0
318975,620,16,0,0,31,176,0,0,128,0,0,0,0,0,0,0,0
299978,620,16,0,0,31,176,0,0,128,0,0,0,0,0,0,0,0
300055,620,16,0,0,31,176,0,0,128,0,0,0,0,0,0,0,0
299976,620,16,0,0,31,176,0,0,128,0,0,0,0,0,0,0,0
319126,620,16,0,0,31,176,0,0,128,0,0,0,0,0,0,0,0
299685,620,16,0,0,31,176,0,0,128,0,0,0,0,0,0,0,0
299976,620,16,0,0,31,176,0,0,128,0,0,0,0,0,0,0,0
300557,620,16,0,0,31,176,0,0,128,0,0,0,0,0,0,0,0
299613,620,16,0,0,31,176,0,0,128,0,0,0,0,0,0,0,0
299976,620,16,0,0,31,176,0,0,128,0,0,0,0,0,0,0,0
299976,620,16,0,0,31,176,0,0,128,0,0,0,0,0,0,0,0
299975,620,16,0,0,31,176,0,0,128,0,0,0,0,0,0,0,0
299975,620,16,0,0,31,176,0,0,128,0,0,0,0,0,0,0,0
299969,620,16,0,0,31,176,0,0,128,0,0,0,0,0,0,0,0
318975,620,16,0,0,31,176,0,0,128,0,0,0,0,0,0,0,0
299976,620,16,0,0,31,176,0,0,128,0,0,0,0,0,0,0,0
299993,620,16,0,0,31,176,0,0,128,0,0,0,0,0,0,0,0
299974,620,16,0,0,31,176,0,0,128,0,0,0,0,0,0,0,0
299132,620,16,0,0,31,176,0,0,128,0,0,0,0,0,0,0,0
281066,620,16,0,0,31,176,0,0,128,0,0,0,0,0,0,0,0
300451,620,16,0,0,31,176,0,0,128,0,0,0,0,0,0,0,0
299992,620,16,0,0,31,176,0,0,128,0,0,0,0,0,0,0,0
300135,620,16,0,0,31,176,0,0,128,0,0,0,0,0,0,0,0
299977,620,16,0,0,31,176,0,0,128,0,0,0,0,0,0,0,0
299961,620,16,0,0,31,176,0,0,128,0,0,0,0,0,0,0,0
299975,620,16,0,0,31,176,0,0,128,0,0,0,0,0,0,0,0
299976,620,16,0,0,31,176,0,0,128,0,0,0,0,0,0,0,0
299976,620,16,0,0,31,176,0,0,128,0,0,0,0,0,0,0,0
299976,620,16,0,0,31,176,0,0,128,0,0,0,0,0,0,0,0
318979,620,16,0,0,31,176,0,0,128,0,0,0,0,0,0,0,0
281249,620,16,0,0,31,176,0,0,128,0,0,0,0,0,0,0,0
299698,620,16,0,0,31,176,0,0,128,0,0,0,0,0,0,0,0
299976,620,16,0,0,31,176,0,0,128,0,0,0,0,0,0,0,0
318935,620,16,0,0,31,176,0,0,128,0,0,0,0,0,0,0,0
280977,620,16,0,0,31,176,0,0,128,0,0,0,0,0,0,0,0
299977,620,16,0,0,31,176,0,0,128,0,0,0,0,0,0,0,0
300838,620,16,0,0,31,176,0,0,128,0,0,0,0,0,0,0,0
280978,620,16,0,0,31,176,0,0,128,0,0,0,0,0,0,0,0
299977,620,16,0,0,31,176,0,0,128,0,0,0,0,0,0,0,0
300160,620,16,0,0,31,176,0,0,128,0,0,0,0,0,0,0,0
299978,620,16,0,0,31,176,0,0,128,0,0,0,0,0,0,0,0
299976,620,16,0,0,31,176,0,0,128,0,0,0,0,0,0,0,0
299977,620,16,0,0,33,176,0,0,128,0,0,0,1,0,0,0,0
300188,620,16,0,0,32,176,0,0,128,0,0,0,0,0,0,0,0
280977,620,16,0,0,31,176,0,0,128,0,0,0,0,0,0,0,0
299979,620,16,0,0,31,176,0,0,128,0,0,0,0,0,0,0,0
299975,620,16,0,0,31,176,0,0,128,0,0,0,0,0,0,0,0
299994,620,16,0,0,32,176,0,0,128,0,0,0,0,0,0,0,0
298963,620,16,0,0,31,176,0,0,128,0,0,0,0,0,0,0,0
299811,620,16,0,0,31,176,0,0,128,0,0,0,0,0,0,0,0
299974,620,16,0,0,32,176,0,0,128,0,0,0,1,0,0,0,0
299176,620,16,0,0,32,176,0,0,128,0,0,0,0,0,0,0,0
300143,620,16,0,0,32,176,0,0,128,0,0,0,0,0,0,0,0
299810,620,16,0,0,32,176,0,0,128,0,0,0,0,0,0,0,0
299992,620,16,0,0,32,176,0,0,128,0,0,0,0,0,0,0,0
299975,620,16,0,0,31,176,0,0,128,0,0,0,0,0,0,0,0
299977,620,16,0,0,31,176,0,0,128,0,0,0,0,0,0,0,0
300707,620,16,0,0,31,176,0,0,128,0,0,0,0,0,0,0,0
318295,620,16,0,0,31,176,0,0,128,0,0,0,0,0,0,0,0
281382,620,16,0,0,31,176,0,0,128,0,0,0,0,0,0,0,0
299974,620,16,0,0,32,176,0,0,128,0,0,0,1,0,0,0,0
299959,620,16,0,0,31,176,0,0,128,0,0,0,0,0,0,0,0
299993,620,16,0,0,31,176,0,0,128,0,0,0,0,0,0,0,0
299975,620,16,0,0,31,176,0,0,128,0,0,0,0,0,0,0,0
319176,620,16,0,0,31,176,0,0,128,0,0,0,0,0,0,0,0
280777,620,16,0,0,31,176,0,0,128,0,0,0,0,0,0,0,0
299974,620,16,0,0,31,176,0,0,128,0,0,0,0,0,0,0,0
299989,620,16,0,0,32,176,0,0,128,0,0,0,1,0,0,0,0
299976,620,16,0,0,31,176,0,0,128,0,0,0,0,0,0,0,0
300117,620,16,0,0,31,176,0,0,128,0,0,0,0,0,0,0,0
318127,620,16,0,0,31,176,0,0,128,0,0,0,0,0,0,0,0
280976,620,16,0,0,31,176,0,0,128,0,0,0,0,0,0,0,0
299960,620,16,0,0,31,176,0,0,128,0,0,0,0,0,0,0,0
299523,620,16,0,0,31,176,0,0,128,0,0,0,0,0,0,0,0
299977,620,16,0,0,31,176,0,0,128,0,0,0,0,0,0,0,0
318975,620,16,0,0,31,176,0,0,128,0,0,0,0,0,0,0,0
300102,620,16,0,0,31,176,0,0,128,0,0,0,0,0,0,0,0
299851,620,16,0,0,31,176,0,0,128,0,0,0,0,0,0,0,0
300367,620,16,0,0,31,176,0,0,128,0,0,0,0,0,0,0,0
318974,620,16,0,0,31,176,0,0,128,0,0,0,0,0,0,0,0
299977,620,16,0,0,29,176,0,0,128,0,0,0,-1,0,0,0,0
299974,620,16,0,0,29,176,0,0,128,0,0,0,0,0,0,0,0
299973,620,16,0,0,28,176,0,0,128,0,0,0,-1,0,0,0,0
299977,620,16,0,0,28,176,0,0,128,0,0,0,0,0,0,0,0
299895,620,16,0,0,27,176,0,0,128,0,0,0,0,0,0,0,0
300280,620,16,0,0,28,176,0,0,128,0,0,0,1,0,0,0,0
299976,620,16,0,0,28,176,0,0,128,0,0,0,0,0,0,0,0
280978,620,16,0,0,28,176,0,0,128,0,0,0,0,0,0,0,0
299978,620,16,0,0,29,176,0,0,128,0,0,0,1,0,0,0,0
299975,620,16,0,0,29,176,0,0,128,0,0,0,0,0,0,0,0
300416,620,16,0,0,29,176,0,0,128,0,0,0,0,0,0,0,0
299972,620,16,0,0,30,176,0,0,128,0,0,0,1,0,0,0,0
299368,620,16,0,0,30,176,0,0,128,0,0,0,0,0,0,0,0
299989,620,16,0,0,30,176,0,0,128,0,0,0,0,0,0,0,0
299798,620,16,0,0,30,176,0,0,128,0,0,0,0,0,0,0,0
318987,620,16,0,0,30,176,0,0,128,0,0,0,0,0,0,0,0
299960,620,16,0,0,30,176,0,0,128,0,0,0,0,0,0,0,0
299974,620,16,0,0,30,176,0,0,128,0,0,0,0,0,0,0,0
299976,620,16,0,0,30,176,0,0,128,0,0,0,0,0,0,0,0
299975,620,16,0,0,30,176,0,0,128,0,0,0,0,0,0,0,0
300318,620,16,0,0,30,176,0,0,128,0,0,0,0,0,0,0,0
299976,620,16,0,0,30,176,0,0,128,0,0,0,0,0,0,0,0
299975,620,16,0,0,30,176,0,0,128,0,0,0,0,0,0,0,0
299977,620,16,0,0,30,176,0,0,128,0,0,0,0,0,0,0,0
318958,620,16,0,0,30,176,0,0,128,0,0,0,0,0,0,0,0
299976,620,16,0,0,30,176,0,0,128,0,0,0,0,0,0,0,0
280979,620,16,0,0,30,176,0,0,128,0,0,0,0,0,0,0,0
299793,620,16,0,0,32,176,0,0,128,0,0,0,0,0,0,0,0
280912,620,16,0,0,30,176,0,0,128,0,0,0,0,0,0,0,0
299975,620,16,0,0,29,176,0,0,128,0,0,0,0,0,0,0,0
299976,620,16,0,0,29,176,0,0,128,0,0,0,0,0,0,0,0
319976,620,16,0,0,29,176,0,0,128,0,0,0,0,0,0,0,0
299974,620,16,0,0,30,176,0,0,128,0,0,0,0,0,0,0,0
299934,620,16,0,0,30,176,0,0,128,0,0,0,0,0,0,0,0
299975,620,16,0,0,30,176,0,0,128,0,0,0,0,0,0,0,0
318973,620,16,0,0,30,176,0,0,128,0,0,0,0,0,0,0,0
280978,620,16,0,0,30,176,0,0,128,0,0,0,0,0,0,0,0
299991,620,16,0,0,30,176,0,0,128,0,0,0,0,0,0,0,0
318742,620,16,0,0,28,176,0,0,128,0,0,0,0,0,0,0,0
299975,620,16,0,0,29,176,0,0,128,0,0,0,0,0,0,0,0
299410,620,16,0,0,29,176,0,0,128,0,0,0,0,0,0,0,0
299972,620,16,0,0,28,176,0,0,128,0,0,0,-1,0,0,0,0
299975,620,16,0,0,28,176,0,0,128,0,0,0,0,0,0,0,0
299976,620,16,0,0,28,176,0,0,128,0,0,0,0,0,0,0,0
300226,620,16,0,0,30,176,0,0,128,0,0,0,3,0,0,0,0
299744,620,16,0,0,28,176,0,0,128,0,0,0,-2,0,0,0,0
299945,620,16,0,0,29,176,0,0,128,0,0,0,2,0,0,0,0
299979,620,16,0,0,31,176,0,0,128,0,0,0,4,0,0,0,0
299975,620,16,0,0,31,176,0,0,128,0,0,0,0,0,0,0,0
299976,620,16,0,0,31,176,0,0,128,0,0,0,0,0,0,0,0
299973,620,16,0,0,29,176,0,0,128,0,0,0,3,0,0,0,0
299988,620,16,0,0,30,176,0,0,128,0,0,0,4,0,0,0,0
300149,620,16,0,0,33,176,0,0,128,0,0,0,0,0,0,0,0
280976,620,16,0,0,32,176,0,0,128,0,0,0,0,0,0,0,0
299974,620,16,0,0,32,176,0,0,128,0,0,0,0,0,0,0,0
300323,620,16,0,0,33,176,0,0,128,0,0,0,1,0,0,0,0
300217,620,16,0,0,26,176,0,0,128,0,0,0,0,0,0,0,0
300364,620,16,0,0,26,176,0,0,128,0,0,0,0,0,0,0,0
299975,620,16,0,0,26,176,0,0,128,0,0,0,0,0,0,0,0
318974,620,16,0,0,26,176,0,0,128,0,0,0,0,0,0,0,0
299993,620,16,0,0,26,176,0,0,128,0,0,0,0,0,0,0,0
299958,620,16,0,0,26,176,0,0,128,0,0,0,0,0,0,0,0
299976,620,16,0,0,26,176,0,0,128,0,0,0,0,0,0,0,0
318973,620,16,0,0,26,176,0,0,128,0,0,0,0,0,0,0,0
299974,620,16,0,0,26,176,0,0,128,0,0,0,0,0,0,0,0
300704,620,16,0,0,26,176,0,0,128,0,0,0,0,0,0,0,0
299863,620,16,0,0,26,176,0,0,128,0,0,0,0,0,0,0,0
318656,620,16,0,0,26,176,0,0,128,0,0,0,0,0,0,0,0
299976,620,16,0,0,26,176,0,0,128,0,0,0,0,0,0,0,0
299975,620,16,0,0,26,176,0,0,128,0,0,0,0,0,0,0,0
300065,620,16,0,0,26,176,0,0,128,0,0,0,0,0,0,0,0
299958,620,16,0,0,26,176,0,0,128,0,0,0,0,0,0,0,0
318975,620,16,0,0,26,176,0,0,128,0,0,0,0,0,0,0,0
318973,620,16,0,0,26,176,0,0,128,0,0,0,0,0,0,0,0
299976,620,16,0,0,26,176,0,0,128,0,0,0,0,0,0,0,0
300092,620,16,0,0,26,176,0,0,128,0,0,0,0,0,0,0,0
299977,620,16,0,0,26,176,0,0,128,0,0,0,0,0,0,0,0
299959,620,16,0,0,26,176,0,0,128,0,0,0,0,0,0,0,0
299975,620,16,0,0,26,176,0,0,128,0,0,0,0,0,0,0,0
299959,620,16,0,0,26,176,0,0,128,0,0,0,0,0,0,0,0
318972,620,16,0,0,26,176,0,0,128,0,0,0,0,0,0,0,0
299958,620,16,0,0,26,176,0,0,128,0,0,0,0,0,0,0,0
318870,620,16,0,0,26,176,0,0,128,0,0,0,0,0,0,0,0
299498,620,16,0,0,26,176,0,0,128,0,0,0,0,0,0,0,0
300086,620,16,0,0,26,176,0,0,128,0,0,0,0,0,0,0,0
299864,620,16,0,0,26,176,0,0,128,0,0,0,0,0,0,0,0
318975,620,16,0,0,26,176,0,0,128,0,0,0,0,0,0,0,0
299213,620,16,0,0,26,176,0,0,128,0,0,0,0,0,0,0,0
299968,620,16,0,0,27,176,0,0,128,0,0,0,1,0,0,0,0
299992,620,16,0,0,28,176,0,0,128,0,0,0,1,0,0,0,0
299975,620,16,0,0,27,176,0,0,128,0,0,0,0,0,0,0,0
299592,620,16,0,0,27,176,0,0,128,0,0,0,0,0,0,0,0
281737,620,16,0,0,27,176,0,0,128,0,0,0,0,0,0,0,0
299974,620,16,0,0,27,176,0,0,128,0,0,0,0,0,0,0,0
280976,620,16,0,0,27,176,0,0,128,0,0,0,0,0,0,0,0
300388,620,16,0,0,27,176,0,0,128,0,0,0,0,0,0,0,0
299976,620,16,0,0,27,176,0,0,128,0,0,0,0,0,0,0,0
299991,620,16,0,0,27,176,0,0,128,0,0,0,0,0,0,0,0
299976,620,16,0,0,27,176,0,0,128,0,0,0,0,0,0,0,0
299975,620,16,0,0,27,176,0,0,128,0,0,0,0,0,0,0,0
299977,620,16,0,0,27,176,0,0,128,0,0,0,0,0,0,0,0
299744,620,16,0,0,27,176,0,0,128,0,0,0,0,0,0,0,0
318973,620,16,0,0,27,176,0,0,128,0,0,0,0,0,0,0,0
299979,620,16,0,0,26,176,0,0,128,0,0,0,-1,0,0,0,0
299975,620,16,0,0,26,176,0,0,128,0,0,0,0,0,0,0,0
299978,620,16,0,0,31,176,0,0,128,0,0,0,5,0,0,0,0
299975,620,16,0,0,32,176,0,0,128,0,0,0,0,0,0,0,0
300014,620,16,0,0,33,176,0,0,128,0,0,0,6,0,0,0,0
319301,620,16,0,0,36,176,0,0,128,0,0,0,2,0,0,0,0
299312,620,16,0,0,37,176,0,0,128,0,0,0,0,0,0,0,0
300031,620,16,0,0,36,176,0,0,128,0,0,0,0,0,0,0,0
299923,620,16,0,0,35,176,0,0,128,0,0,0,-1,0,0,0,0
299975,620,16,0,0,35,176,0,0,128,0,0,0,0,0,0,0,0
318971,620,16,0,0,30,176,0,0,128,0,0,0,-3,0,0,0,0
299974,620,16,0,0,33,176,0,0,128,0,0,0,0,0,0,0,0
299975,620,16,0,0,27,176,0,0,128,0,0,0,0,0,0,0,0
300048,620,16,0,0,27,176,0,0,128,0,0,0,0,0,0,0,0
299943,620,16,0,0,26,176,0,0,128,0,0,0,0,0,0,0,0
299959,620,16,0,0,26,176,0,0,128,0,0,0,0,0,0,0,0
299973,620,16,0,0,26,176,0,0,128,0,0,0,0,0,0,0,0
280451,620,16,0,0,26,176,0,0,128,0,0,0,0,0,0,0,0
299976,620,16,0,0,26,176,0,0,128,0,0,0,0,0,0,0,0
299974,620,16,0,0,27,176,0,0,128,0,0,0,0,0,0,0,0
299562,620,16,0,0,32,176,0,0,128,0,0,0,6,0,0,0,0
280804,620,16,0,0,32,176,0,0,128,0,0,0,0,0,0,0,0
299974,620,16,0,0,32,176,0,0,128,0,0,0,0,0,0,0,0
299970,620,16,0,0,27,176,0,0,128,0,0,0,-4,0,0,0,0
299979,620,16,0,0,26,176,0,0,128,0,0,0,-1,0,0,0,0
299975,620,16,0,0,26,176,0,0,128,0,0,0,0,0,0,0,0
299973,620,16,0,0,26,176,0,0,128,0,0,0,0,0,0,0,0
300018,620,16,0,0,33,176,0,0,128,0,0,0,6,0,0,0,0
299974,620,16,0,0,33,176,0,0,128,0,0,0,0,0,0,0,0
318956,620,16,0,0,33,176,0,0,128,0,0,0,0,0,0,0,0
299973,620,16,0,0,30,176,0,0,128,0,0,0,-3,0,0,0,0
299978,620,16,0,0,32,176,0,0,128,0,0,0,2,0,0,0,0
299973,620,16,0,0,29,176,0,0,128,0,0,0,3,0,0,0,0
299974,620,16,0,0,26,176,0,0,128,0,0,0,0,0,0,0,0
299974,620,16,0,0,26,176,0,0,128,0,0,0,0,0,0,0,0
300673,620,16,0,0,26,176,0,0,128,0,0,0,-1,0,0,0,0
299975,620,16,0,0,26,176,0,0,128,0,0,0,0,0,0,0,0
299974,620,16,0,0,26,176,0,0,128,0,0,0,0,0,0,0,0
299709,620,16,0,0,26,176,0,0,128,0,0,0,0,0,0,0,0
300082,620,16,0,0,26,176,0,0,128,0,0,0,0,0,0,0,0
319358,620,16,0,0,26,176,0,0,128,0,0,0,0,0,0,0,0
299763,620,16,0,0,26,176,0,0,128,0,0,0,0,0,0,0,0
299897,620,16,0,0,26,176,0,0,128,0,0,0,0,0,0,0,0
280977,620,16,0,0,28,176,0,0,128,0,0,0,1,0,0,0,0
300206,620,16,0,0,28,176,0,0,128,0,0,0,0,0,0,0,0
299974,620,16,0,0,28,176,0,0,128,0,0,0,0,0,0,0,0
299975,620,16,0,0,27,176,0,0,128,0,0,0,-1,0,0,0,0
299973,620,16,0,0,27,176,0,0,128,0,0,0,0,0,0,0,0
299938,620,16,0,0,27,176,0,0,128,0,0,0,0,0,0,0,0
299422,620,16,0,0,27,176,0,0,128,0,0,0,0,0,0,0,0
299974,620,16,0,0,28,176,0,0,128,0,0,0,0,0,0,0,0
299993,620,16,0,0,29,176,0,0,128,0,0,0,0,0,0,0,0
319035,620,16,0,0,29,176,0,0,128,0,0,0,0,0,0,0,0
299958,620,16,0,0,29,176,0,0,128,0,0,0,0,0,0,0,0
300122,620,16,0,0,29,176,0,0,128,0,0,0,0,0,0,0,0
299984,620,16,0,0,28,176,0,0,128,0,0,0,0,0,0,0,0
279977,620,16,0,0,28,176,0,0,128,0,0,0,0,0,0,0,0
299973,620,16,0,0,28,176,0,0,128,0,0,0,0,0,0,0,0
299993,620,16,0,0,28,176,0,0,128,0,0,0,0,0,0,0,0
299525,620,16,0,0,28,176,0,0,128,0,0,0,0,0,0,0,0
300742,620,16,0,0,28,176,0,0,128,0,0,0,0,0,0,0,0
299206,620,16,0,0,28,176,0,0,128,0,0,0,0,0,0,0,0
300207,620,16,0,0,28,176,0,0,128,0,0,0,0,0,0,0,0
300452,620,16,0,0,33,176,0,0,128,0,0,0,0,0,0,0,0
299815,620,16,0,0,33,176,0,0,128,0,0,0,0,0,0,0,0
318974,620,16,0,0,34,176,0,0,128,0,0,0,0,0,0,0,0
299797,620,16,0,0,33,176,0,0,128,0,0,0,0,0,0,0,0
299987,620,16,0,0,30,176,0,0,128,0,0,0,-1,0,0,0,0
299977,620,16,0,0,30,176,0,0,128,0,0,0,0,0,0,0,0
299991,620,16,0,0,30,176,0,0,128,0,0,0,0,0,0,0,0
300416,620,16,0,0,30,176,0,0,128,0,0,0,0,0,0,0,0
299991,620,16,0,0,30,176,0,0,128,0,0,0,0,0,0,0,0
281680,620,16,0,0,30,176,0,0,128,0,0,0,0,0,0,0,0
299772,620,16,0,0,29,176,0,0,128,0,0,0,-1,0,0,0,0
280974,620,16,0,0,29,176,0,0,128,0,0,0,0,0,0,0,0
299975,620,16,0,0,28,176,0,0,128,0,0,0,0,0,0,0,0
299973,620,16,0,0,28,176,0,0,128,0,0,0,0,0,0,0,0
299775,620,16,0,0,28,176,0,0,128,0,0,0,0,0,0,0,0
299993,620,16,0,0,28,176,0,0,128,0,0,0,0,0,0,0,0
299956,620,16,0,0,28,176,0,0,128,0,0,0,0,0,0,0,0
299975,620,16,0,0,27,176,0,0,128,0,0,0,-1,0,0,0,0
299975,620,16,0,0,27,176,0,0,128,0,0,0,0,0,0,0,0
299975,620,16,0,0,27,176,0,0,128,0,0,0,0,0,0,0,0
318973,620,16,0,0,27,176,0,0,128,0,0,0,0,0,0,0,0
299975,620,16,0,0,27,176,0,0,128,0,0,0,0,0,0,0,0
299976,620,16,0,0,27,176,0,0,128,0,0,0,0,0,0,0,0
299874,620,16,0,0,27,176,0,0,128,0,0,0,0,0,0,0,0
300137,620,16,0,0,28,176,0,0,128,0,0,0,0,0,0,0,0
299975,620,16,0,0,29,176,0,0,128,0,0,0,0,0,0,0,0
300224,620,16,0,0,29,176,0,0,128,0,0,0,0,0,0,0,0
299974,620,16,0,0,29,176,0,0,128,0,0,0,0,0,0,0,0
299974,620,16,0,0,29,176,0,0,128,0,0,0,0,0,0,0,0
299159,620,16,0,0,30,176,0,0,128,0,0,0,0,0,0,0,0
299757,620,16,0,0,30,176,0,0,128,0,0,0,0,0,0,0,0
299958,620,16,0,0,29,176,0,0,128,0,0,0,0,0,0,0,0
299975,620,16,0,0,29,176,0,0,128,0,0,0,0,0,0,0,0
300564,620,16,0,0,29,176,0,0,128,0,0,0,0,0,0,0,0
299861,620,16,0,0,29,176,0,0,128,0,0,0,0,0,0,0,0
299975,620,16,0,0,30,176,0,0,128,0,0,0,0,0,0,0,0
299891,620,16,0,0,30,176,0,0,128,0,0,0,0,0,0,0,0
300150,620,16,0,0,30,176,0,0,128,0,0,0,0,0,0,0,0
299975,620,16,0,0,30,176,0,0,128,0,0,0,0,0,0,0,0
299974,620,16,0,0,30,176,0,0,128,0,0,0,0,0,0,0,0
299961,620,16,0,0,30,176,0,0,128,0,0,0,0,0,0,0,0
300280,620,16,0,0,28,176,0,0,128,0,0,0,-1,0,0,0,0
300196,620,16,0,0,27,176,0,0,128,0,0,0,0,0,0,0,0
299974,620,16,0,0,27,176,0,0,128,0,0,0,0,0,0,0,0
299991,620,16,0,0,27,176,0,0,128,0,0,0,0,0,0,0,0
300075,620,16,0,0,27,176,0,0,128,0,0,0,0,0,0,0,0
299975,620,16,0,0,29,176,0,0,128,0,0,0,2,0,0,0,0
299989,620,16,0,0,30,176,0,0,128,0,0,0,1,0,0,0,0
280977,620,16,0,0,29,176,0,0,128,0,0,0,0,0,0,0,0
299975,620,16,0,0,29,176,0,0,128,0,0,0,0,0,0,0,0
299988,620,16,0,0,28,176,0,0,128,0,0,0,-1,0,0,0,0
299973,620,16,0,0,28,176,0,0,128,0,0,0,-1,0,0,0,0
299975,620,16,0,0,29,176,0,0,128,0,0,0,0,0,0,0,0
299974,620,16,0,0,29,176,0,0,128,0,0,0,0,0,0,0,0
280923,620,16,0,0,30,176,0,0,128,0,0,0,1,0,0,0,0
299972,620,16,0,0,28,176,0,0,128,0,0,0,-1,0,0,0,0
299958,620,16,0,0,28,176,0,0,128,0,0,0,0,0,0,0,0
299973,620,16,0,0,28,176,0,0,128,0,0,0,0,0,0,0,0
319977,620,16,0,0,26,176,0,0,128,0,0,0,-1,0,0,0,0
299933,620,16,0,0,26,176,0,0,128,0,0,0,-4,0,0,0,0
280736,620,16,0,0,26,176,0,0,128,0,0,0,0,0,0,0,0
299973,620,16,0,0,26,176,0,0,128,0,0,0,0,0,0,0,0
281001,620,16,0,0,26,176,0,0,128,0,0,0,0,0,0,0,0
300161,620,16,0,0,26,176,0,0,128,0,0,0,0,0,0,0,0
300392,620,16,0,0,26,176,0,0,128,0,0,0,0,0,0,0,0
280976,620,16,0,0,26,176,0,0,128,0,0,0,0,0,0,0,0
300163,620,16,0,0,26,176,0,0,128,0,0,0,0,0,0,0,0
299974,620,16,0,0,33,176,0,0,128,0,0,0,0,0,0,0,0
299991,620,16,0,0,32,176,0,0,128,0,0,0,-1,0,0,0,0
299975,620,16,0,0,28,176,0,0,128,0,0,0,0,0,0,0,0
318973,620,16,0,0,28,176,0,0,128,0,0,0,0,0,0,0,0
280999,620,16,0,0,27,176,0,0,128,0,0,0,0,0,0,0,0
299957,620,16,0,0,27,176,0,0,128,0,0,0,0,0,0,0,0
299923,620,16,0,0,27,176,0,0,128,0,0,0,0,0,0,0,0
318926,620,16,0,0,27,176,0,0,128,0,0,0,0,0,0,0,0
280975,620,16,0,0,27,176,0,0,128,0,0,0,0,0,0,0,0
299548,620,16,0,0,27,176,0,0,128,0,0,0,0,0,0,0,0
299086,620,16,0,0,27,176,0,0,128,0,0,0,0,0,0,0,0
299976,620,16,0,0,27,176,0,0,128,0,0,0,0,0,0,0,0
299954,620,16,0,0,27,176,0,0,128,0,0,0,0,0,0,0,0
299804,620,16,0,0,28,176,0,0,128,0,0,0,0,0,0,0,0
299978,620,16,0,0,28,176,0,0,128,0,0,0,0,0,0,0,0
300122,620,16,0,0,29,176,0,0,128,0,0,0,-1,0,0,0,0
299974,620,16,0,0,29,176,0,0,128,0,0,0,0,0,0,0,0
298606,620,16,0,0,29,176,0,0,128,0,0,0,0,0,0,0,0
299990,620,16,0,0,29,176,0,0,128,0,0,0,0,0,0,0,0
299962,620,16,0,0,29,176,0,0,128,0,0,0,0,0,0,0,0
318968,620,16,0,0,29,176,0,0,128,0,0,0,0,0,0,0,0
299975,620,16,0,0,30,176,0,0,128,0,0,0,0,0,0,0,0
299974,620,16,0,0,31,176,0,0,128,0,0,0,0,0,0,0,0
300511,620,16,0,0,30,176,0,0,128,0,0,0,-1,0,0,0,0
318435,620,16,0,0,31,176,0,0,128,0,0,0,1,0,0,0,0
299971,620,16,0,0,30,176,0,0,128,0,0,0,-1,0,0,0,0
299976,620,16,0,0,31,176,0,0,128,0,0,0,-1,0,0,0,0
299975,620,16,0,0,31,176,0,0,128,0,0,0,0,0,0,0,0
300006,620,16,0,0,31,176,0,0,128,0,0,0,0,0,0,0,0
299927,620,16,0,0,31,176,0,0,128,0,0,0,0,0,0,0,0
299975,620,16,0,0,31,176,0,0,128,0,0,0,0,0,0,0,0
299658,620,16,0,0,31,176,0,0,128,0,0,0,0,0,0,0,0
299973,620,16,0,0,30,176,0,0,128,0,0,0,0,0,0,0,0
299974,620,16,0,0,28,176,0,0,128,0,0,0,0,0,0,0,0
299974,620,16,0,0,28,176,0,0,128,0,0,0,0,0,0,0,0
318403,620,16,0,0,28,176,0,0,128,0,0,0,0,0,0,0,0
280976,620,16,0,0,29,176,0,0,128,0,0,0,1,0,0,0,0
300361,620,16,0,0,28,176,0,0,128,0,0,0,0,0,0,0,0
299959,620,16,0,0,29,176,0,0,128,0,0,0,0,0,0,0,0
299209,620,16,0,0,30,176,0,0,128,0,0,0,0,0,0,0,0
299958,620,16,0,0,31,176,0,0,128,0,0,0,0,0,0,0,0
299862,620,16,0,0,30,176,0,0,128,0,0,0,0,0,0,0,0
299974,620,16,0,0,30,176,0,0,128,0,0,0,0,0,0,0,0
299975,620,16,0,0,30,176,0,0,128,0,0,0,0,0,0,0,0
300104,620,16,0,0,30,176,0,0,128,0,0,0,0,0,0,0,0
300530,620,16,0,0,31,176,0,0,128,0,0,0,-2,0,0,0,0
299974,620,16,0,0,31,176,0,0,128,0,0,0,0,0,0,0,0
299974,620,16,0,0,31,176,0,0,128,0,0,0,0,0,0,0,0
318972,620,16,0,0,31,176,0,0,128,0,0,0,0,0,0,0,0
299955,620,16,0,0,31,176,0,0,128,0,0,0,0,0,0,0,0
299975,620,16,0,0,30,176,0,0,128,0,0,0,0,0,0,0,0
300093,620,16,0,0,30,176,0,0,128,0,0,0,0,0,0,0,0
299973,620,16,0,0,30,176,0,0,128,0,0,0,0,0,0,0,0
299976,620,16,0,0,30,176,0,0,128,0,0,0,0,0,0,0,0
318972,620,16,0,0,31,176,0,0,128,0,0,0,0,0,0,0,0
299992,620,16,0,0,31,176,0,0,128,0,0,0,0,0,0,0,0
299974,620,16,0,0,31,176,0,0,128,0,0,0,0,0,0,0,0
299991,620,16,0,0,31,176,0,0,128,0,0,0,0,0,0,0,0
299956,620,16,0,0,31,176,0,0,128,0,0,0,0,0,0,0,0
299974,620,16,0,0,32,176,0,0,128,0,0,0,1,0,0,0,0
299974,620,16,0,0,32,176,0,0,128,0,0,0,0,0,0,0,0
300450,620,16,0,0,32,176,0,0,128,0,0,0,0,0,0,0,0
299481,620,16,0,0,32,176,0,0,128,0,0,0,0,0,0,0,0
299974,620,16,0,0,32,176,0,0,128,0,0,0,0,0,0,0,0
299993,620,16,0,0,32,176,0,0,128,0,0,0,0,0,0,0,0
280974,620,16,0,0,32,176,0,0,128,0,0,0,0,0,0,0,0
299865,620,16,0,0,32,176,0,0,128,0,0,0,0,0,0,0,0
299974,620,16,0,0,32,176,0,0,128,0,0,0,0,0,0,0,0
280992,620,16,0,0,32,176,0,0,128,0,0,0,0,0,0,0,0
300110,620,16,0,0,34,176,0,0,128,0,0,0,0,0,0,0,0
280979,620,16,0,0,35,176,0,0,128,0,0,0,1,0,0,0,0
280977,620,16,0,0,35,176,0,0,128,0,0,0,1,0,0,0,0
299957,620,16,0,0,33,176,0,0,128,0,0,0,0,0,0,0,0
299990,620,16,0,0,33,176,0,0,128,0,0,0,0,0,0,0,0
300296,620,16,0,0,32,176,0,0,128,0,0,0,0,0,0,0,0
299974,620,16,0,0,32,176,0,0,128,0,0,0,0,0,0,0,0
299974,620,16,0,0,32,176,0,0,128,0,0,0,0,0,0,0,0
280977,620,16,0,0,32,176,0,0,128,0,0,0,0,0,0,0,0
299973,620,16,0,0,32,176,0,0,128,0,0,0,0,0,0,0,0
299990,620,16,0,0,32,176,0,0,128,0,0,0,0,0,0,0,0
299945,620,16,0,0,32,176,0,0,128,0,0,0,0,0,0,0,0
299440,620,16,0,0,32,176,0,0,128,0,0,0,0,0,0,0,0
280991,620,16,0,0,32,176,0,0,128,0,0,0,0,0,0,0,0
300015,620,16,0,0,32,176,0,0,128,0,0,0,0,0,0,0,0
299973,620,16,0,0,32,176,0,0,128,0,0,0,0,0,0,0,0
299975,620,16,0,0,32,176,0,0,128,0,0,0,0,0,0,0,0
300016,620,16,0,0,32,176,0,0,128,0,0,0,0,0,0,0,0
299973,620,16,0,0,32,176,0,0,128,0,0,0,0,0,0,0,0
299993,620,16,0,0,31,176,0,0,128,0,0,0,-1,0,0,0,0
280976,620,16,0,0,31,176,0,0,128,0,0,0,0,0,0,0,0
300600,620,16,0,0,31,176,0,0,128,0,0,0,0,0,0,0,0
299957,620,16,0,0,31,176,0,0,128,0,0,0,0,0,0,0,0
300547,620,16,0,0,32,176,0,0,128,0,0,0,0,0,0,0,0
299957,620,16,0,0,31,176,0,0,128,0,0,0,0,0,0,0,0
319085,620,16,0,0,31,176,0,0,128,0,0,0,0,0,0,0,0
318972,620,16,0,0,32,176,0,0,128,0,0,0,0,0,0,0,0
299974,620,16,0,0,32,176,0,0,128,0,0,0,0,0,0,0,0
280976,620,16,0,0,32,176,0,0,128,0,0,0,0,0,0,0,0
299976,620,16,0,0,32,176,0,0,128,0,0,0,0,0,0,0,0
299848,620,16,0,0,32,176,0,0,128,0,0,0,0,0,0,0,0
318955,620,16,0,0,32,176,0,0,128,0,0,0,0,0,0,0,0
299973,620,16,0,0,33,176,0,0,128,0,0,0,1,0,0,0,0
299973,620,16,0,0,32,176,0,0,128,0,0,0,0,0,0,0,0
299923,620,16,0,0,32,176,0,0,128,0,0,0,0,0,0,0,0
300292,620,16,0,0,32,176,0,0,128,0,0,0,0,0,0,0,0
280975,620,16,0,0,32,176,0,0,128,0,0,0,0,0,0,0,0
300033,620,16,0,0,32,176,0,0,128,0,0,0,0,0,0,0,0
300239,620,16,0,0,32,176,0,0,128,0,0,0,0,0,0,0,0
299972,620,16,0,0,32,176,0,0,128,0,0,0,0,0,0,0,0
300204,620,16,0,0,32,176,0,0,128,0,0,0,0,0,0,0,0
318971,620,16,0,0,31,176,0,0,128,0,0,0,0,0,0,0,0
300113,620,16,0,0,31,176,0,0,128,0,0,0,0,0,0,0,0
319417,620,16,0,0,31,176,0,0,128,0,0,0,0,0,0,0,0
299591,620,16,0,0,29,176,0,0,128,0,0,0,0,0,0,0,0
299972,620,16,0,0,28,176,0,0,128,0,0,0,-1,0,0,0,0
299412,620,16,0,0,26,176,0,0,128,0,0,0,0,0,0,0,0
299973,620,16,0,0,26,176,0,0,128,0,0,0,0,0,0,0,0
299973,620,16,0,0,26,176,0,0,128,0,0,0,0,0,0,0,0
299975,620,16,0,0,26,176,0,0,128,0,0,0,0,0,0,0,0
300224,620,16,0,0,26,176,0,0,128,0,0,0,0,0,0,0,0
281458,620,16,0,0,26,176,0,0,128,0,0,0,0,0,0,0,0
299763,620,16,0,0,27,176,0,0,128,0,0,0,0,0,0,0,0
299577,620,16,0,0,28,176,0,0,128,0,0,0,0,0,0,0,0
318998,620,16,0,0,28,176,0,0,128,0,0,0,0,0,0,0,0
280953,620,16,0,0,29,176,0,0,128,0,0,0,1,0,0,0,0
299972,620,16,0,0,29,176,0,0,128,0,0,0,0,0,0,0,0
300219,620,16,0,0,30,176,0,0,128,0,0,0,1,0,0,0,0
319493,620,16,0,0,31,176,0,0,128,0,0,0,1,0,0,0,0
280454,620,16,0,0,30,176,0,0,128,0,0,0,-1,0,0,0,0
300103,620,16,0,0,30,176,0,0,128,0,0,0,0,0,0,0,0
300156,620,16,0,0,28,176,0,0,128,0,0,0,0,0,0,0,0
299973,620,16,0,0,28,176,0,0,128,0,0,0,0,0,0,0,0
299974,620,16,0,0,27,176,0,0,128,0,0,0,0,0,0,0,0
299990,620,16,0,0,27,176,0,0,128,0,0,0,0,0,0,0,0
299736,620,16,0,0,33,176,0,0,128,0,0,0,1,0,0,0,0
299975,620,16,0,0,34,176,0,0,128,0,0,0,0,0,0,0,0
299735,620,16,0,0,31,176,0,0,128,0,0,0,0,0,0,0,0
299882,620,16,0,0,30,176,0,0,128,0,0,0,0,0,0,0,0
299972,620,16,0,0,30,176,0,0,128,0,0,0,0,0,0,0,0
280974,620,16,0,0,31,176,0,0,128,0,0,0,0,0,0,0,0
299856,620,16,0,0,31,176,0,0,128,0,0,0,0,0,0,0,0
299991,620,16,0,0,31,176,0,0,128,0,0,0,0,0,0,0,0
300113,620,16,0,0,31,176,0,0,128,0,0,0,0,0,0,0,0
299989,620,16,0,0,30,176,0,0,128,0,0,0,0,0,0,0,0
299962,620,16,0,0,31,176,0,0,128,0,0,0,1,0,0,0,0
318970,620,16,0,0,31,176,0,0,128,0,0,0,0,0,0,0,0
299973,620,16,0,0,31,176,0,0,128,0,0,0,0,0,0,0,0
299972,620,16,0,0,30,176,0,0,128,0,0,0,-1,0,0,0,0
299974,620,16,0,0,30,176,0,0,128,0,0,0,0,0,0,0,0
318971,620,16,0,0,29,176,0,0,128,0,0,0,0,0,0,0,0
280975,620,16,0,0,29,176,0,0,128,0,0,0,0,0,0,0,0
299989,620,16,0,0,28,176,0,0,128,0,0,0,-1,0,0,0,0
299974,620,16,0,0,26,176,0,0,128,0,0,0,0,0,0,0,0
279675,620,16,0,0,26,176,0,0,128,0,0,0,0,0,0,0,0
94832,620,16,0,0,30,176,0,0,80,0,0,0,-1,0,0,0,-48
84605,620,16,0,0,30,176,0,0,80,0,0,0,4,0,0,0,-48
232670,620,16,0,0,30,176,0,0,80,0,0,0,-1,0,0,0,-48
252730,620,16,0,0,30,176,0,0,80,0,0,0,-2,0,0,0,-48
71936,620,16,0,0,30,176,0,0,80,0,0,0,1,0,0,0,-48
296044,620,16,0,0,30,176,0,0,80,0,0,0,4,0,0,0,-48
254019,620,16,0,0,30,176,0,0,80,0,0,0,4,0,0,0,-48
39120,620,16,0,0,30,176,0,0,80,0,0,0,-7,0,0,0,-48
261907,620,16,0,0,30,176,0,0,80,0,0,0,-1,0,0,0,-48
210881,620,16,0,0,30,176,0,0,80,0,0,0,1,0,0,0,-48
74312,620,16,0,0,30,176,0,0,80,0,0,0,4,0,0,0,-48
7797,620,16,0,0,30,176,0,0,80,0,0,0,-1,0,0,0,-48
137985,620,16,0,0,30,176,0,0,80,0,0,0,-1,0,0,0,-48
193974,620,16,0,0,30,176,0,0,80,0,0,0,4,0,0,0,-48
192082,620,16,0,0,30,176,0,0,80,0,0,0,-6,0,0,0,-48
41597,620,16,0,0,30,176,0,0,80,0,0,0,1,0,0,0,-48
95212,620,16,0,0,30,176,0,0,80,0,0,0,-1,0,0,0,-48
247406,620,16,0,0,30,176,0,0,80,0,0,0,4,0,0,0,-48
189972,620,16,0,0,30,176,0,0,80,0,0,0,-2,0,0,0,-48
145304,620,16,0,0,30,176,0,0,80,0,0,0,-1,0,0,0,-48
92556,620,16,0,0,30,176,0,0,80,0,0,0,4,0,0,0,-48
272145,620,16,0,0,30,176,0,0,80,0,0,0,-1,0,0,0,-48
74185,620,16,0,0,30,176,0,0,80,0,0,0,4,0,0,0,-48
14744,620,16,0,0,30,176,0,0,80,0,0,0,4,0,0,0,-48
129830,620,16,0,0,30,176,0,0,80,0,0,0,3,0,0,0,-48
9331,620,16,0,0,30,176,0,0,80,0,0,0,4,0,0,0,-48
98882,620,16,0,0,30,176,0,0,80,0,0,0,-4,0,0,0,-48
4544,620,16,0,0,30,176,0,0,80,0,0,0,1,0,0,0,-48
95454,620,16,0,0,30,176,0,0,80,0,0,0,-2,0,0,0,-48
229170,620,16,0,0,30,176,0,0,80,0,0,0,-2,0,0,0,-48
198064,620,16,0,0,30,176,0,0,80,0,0,0,4,0,0,0,-48
13605,620,16,0,0,30,176,0,0,80,0,0,0,4,0,0,0,-48
42413,620,16,0,0,30,176,0,0,80,0,0,0,-2,0,0,0,-48
202628,620,16,0,0,30,176,0,0,80,0,0,0,2,0,0,0,-48
296371,620,16,0,0,30,176,0,0,80,0,0,0,2,0,0,0,-48
141025,620,16,0,0,30,176,0,0,80,0,0,0,-1,0,0,0,-48
8387,620,16,0,0,30,176,0,0,80,0,0,0,-2,0,0,0,-48
101663,620,16,0,0,30,176,0,0,80,0,0,0,-4,0,0,0,-48
170005,620,16,0,0,30,176,0,0,80,0,0,0,-1,0,0,0,-48
250767,620,16,0,0,30,176,0,0,80,0,0,0,-3,0,0,0,-48
253551,620,16,0,0,30,176,0,0,80,0,0,0,0,0,0,0,-48
63455,620,16,0,0,30,176,0,0,80,0,0,0,1,0,0,0,-48
190976,620,16,0,0,30,176,0,0,80,0,0,0,-3,0,0,0,-48
121008,620,16,0,0,30,176,0,0,80,0,0,0,4,0,0,0,-48
193491,620,16,0,0,30,176,0,0,80,0,0,0,4,0,0,0,-48
84075,620,16,0,0,30,176,0,0,80,0,0,0,4,0,0,0,-48
173399,620,16,0,0,30,176,0,0,80,0,0,0,4,0,0,0,-48
62106,620,16,0,0,30,176,0,0,80,0,0,0,0,0,0,0,-48
937,620,16,0,0,30,176,0,0,80,0,0,0,-1,0,0,0,-48
111650,620,16,0,0,30,176,0,0,80,0,0,0,-1,0,0,0,-48
164051,620,16,0,0,30,176,0,0,80,0,0,0,-1,0,0,0,-48
10088,620,16,0,0,30,176,0,0,80,0,0,0,-3,0,0,0,-48
229362,620,16,0,0,30,176,0,0,80,0,0,0,4,0,0,0,-48
262961,620,16,0,0,30,176,0,0,80,0,0,0,2,0,0,0,-48
104001,620,16,0,0,30,176,0,0,80,0,0,0,-2,0,0,0,-48
174467,620,16,0,0,30,176,0,0,80,0,0,0,-1,0,0,0,-48
135029,620,16,0,0,30,176,0,0,80,0,0,0,2,0,0,0,-48
23793,620,16,0,0,30,176,0,0,80,0,0,0,4,0,0,0,-48
1107,620,16,0,0,30,176,0,0,80,0,0,0,0,0,0,0,-48
121887,620,16,0,0,30,176,0,0,80,0,0,0,0,0,0,0,-48
68883,620,16,0,0,30,176,0,0,80,0,0,0,4,0,0,0,-48
103487,620,16,0,0,30,176,0,0,80,0,0,0,-3,0,0,0,-48
187165,620,16,0,0,30,176,0,0,80,0,0,0,4,0,0,0,-48
4485,620,16,0,0,30,176,0,0,80,0,0,0,-9,0,0,0,-48
267757,620,16,0,0,30,176,0,0,80,0,0,0,-1,0,0,0,-48
291671,620,16,0,0,30,176,0,0,80,0,0,0,-2,0,0,0,-48
102494,620,16,0,0,30,176,0,0,80,0,0,0,2,0,0,0,-48
217655,620,16,0,0,30,176,0,0,80,0,0,0,4,0,0,0,-48
41073,620,16,0,0,30,176,0,0,80,0,0,0,-2,0,0,0,-48
89982,620,16,0,0,30,176,0,0,80,0,0,0,0,0,0,0,-48
284158,620,16,0,0,30,176,0,0,80,0,0,0,-1,0,0,0,-48
173675,620,16,0,0,30,176,0,0,80,0,0,0,-1,0,0,0,-48
66904,620,16,0,0,30,176,0,0,80,0,0,0,4,0,0,0,-48
99203,620,16,0,0,30,176,0,0,80,0,0,0,3,0,0,0,-48
263529,620,16,0,0,30,176,0,0,80,0,0,0,4,0,0,0,-48
255714,620,16,0,0,30,176,0,0,80,0,0,0,3,0,0,0,-48
35271,620,16,0,0,30,176,0,0,80,0,0,0,-5,0,0,0,-48
25206,620,16,0,0,30,176,0,0,80,0,0,0,4,0,0,0,-48
228170,620,16,0,0,30,176,0,0,80,0,0,0,0,0,0,0,-48
251775,620,16,0,0,30,176,0,0,80,0,0,0,-3,0,0,0,-48
28646,620,16,0,0,30,176,0,0,80,0,0,0,-2,0,0,0,-48
32965,620,16,0,0,30,176,0,0,80,0,0,0,-2,0,0,0,-48
180290,620,16,0,0,30,176,0,0,80,0,0,0,4,0,0,0,-48
14929,620,16,0,0,30,176,0,0,80,0,0,0,2,0,0,0,-48
93834,620,16,0,0,30,176,0,0,80,0,0,0,3,0,0,0,-48
129994,620,16,0,0,30,176,0,0,80,0,0,0,4,0,0,0,-48
47950,620,16,0,0,30,176,0,0,80,0,0,0,-5,0,0,0,-48
101910,620,16,0,0,30,176,0,0,80,0,0,0,4,0,0,0,-48
160204,620,16,0,0,30,176,0,0,80,0,0,0,-3,0,0,0,-48
20229,620,16,0,0,30,176,0,0,80,0,0,0,2,0,0,0,-48
293831,620,16,0,0,30,176,0,0,80,0,0,0,3,0,0,0,-48
214244,620,16,0,0,30,176,0,0,80,0,0,0,-6,0,0,0,-48
274870,620,16,0,0,30,176,0,0,80,0,0,0,4,0,0,0,-48
246703,620,16,0,0,30,176,0,0,80,0,0,0,-2,0,0,0,-48
158534,620,16,0,0,30,176,0,0,80,0,0,0,-2,0,0,0,-48
182329,620,16,0,0,30,176,0,0,80,0,0,0,4,0,0,0,-48
98102,620,16,0,0,30,176,0,0,80,0,0,0,4,0,0,0,-48
106673,620,16,0,0,30,176,0,0,80,0,0,0,2,0,0,0,-48
87827,620,16,0,0,30,176,0,0,80,0,0,0,-2,0,0,0,-48
33996,620,16,0,0,30,176,0,0,80,0,0,0,4,0,0,0,-48
187121,620,16,0,0,30,176,0,0,80,0,0,0,-2,0,0,0,-48
167276,620,16,0,0,30,176,0,0,80,0,0,0,4,0,0,0,-48
89592,620,16,0,0,30,176,0,0,80,0,0,0,1,0,0,0,-48
69621,620,16,0,0,30,176,0,0,80,0,0,0,-2,0,0,0,-48
277978,620,16,0,0,30,176,0,0,80,0,0,0,4,0,0,0,-48
49532,620,16,0,0,30,176,0,0,80,0,0,0,4,0,0,0,-48
17433,620,16,0,0,30,176,0,0,80,0,0,0,-3,0,0,0,-48
126471,620,16,0,0,30,176,0,0,80,0,0,0,4,0,0,0,-48
235839,620,16,0,0,30,176,0,0,80,0,0,0,4,0,0,0,-48
128506,620,16,0,0,30,176,0,0,80,0,0,0,-4,0,0,0,-48
245730,620,16,0,0,30,176,0,0,80,0,0,0,-2,0,0,0,-48
203933,620,16,0,0,30,176,0,0,80,0,0,0,4,0,0,0,-48
30112,620,16,0,0,30,176,0,0,80,0,0,0,0,0,0,0,-48
2142,620,16,0,0,30,176,0,0,80,0,0,0,4,0,0,0,-48
75263,620,16,0,0,30,176,0,0,80,0,0,0,-1,0,0,0,-48
135053,620,16,0,0,30,176,0,0,80,0,0,0,-1,0,0,0,-48
32977,620,16,0,0,30,176,0,0,80,0,0,0,4,0,0,0,-48
220761,620,16,0,0,30,176,0,0,80,0,0,0,-3,0,0,0,-48
271740,620,16,0,0,30,176,0,0,80,0,0,0,0,0,0,0,-48
54753,620,16,0,0,30,176,0,0,80,0,0,0,2,0,0,0,-48
238806,620,16,0,0,30,176,0,0,80,0,0,0,4,0,0,0,-48
253074,620,16,0,0,30,176,0,0,80,0,0,0,-2,0,0,0,-48
244850,620,16,0,0,30,176,0,0,80,0,0,0,-3,0,0,0,-48
283308,620,16,0,0,30,176,0,0,80,0,0,0,4,0,0,0,-48
88945,620,16,0,0,30,176,0,0,80,0,0,0,4,0,0,0,-48
44098,620,16,0,0,30,176,0,0,80,0,0,0,-1,0,0,0,-48
10718,620,16,0,0,30,176,0,0,80,0,0,0,4,0,0,0,-48
80559,620,16,0,0,30,176,0,0,80,0,0,0,1,0,0,0,-48
202911,620,16,0,0,30,176,0,0,80,0,0,0,4,0,0,0,-48
21747,620,16,0,0,30,176,0,0,80,0,0,0,4,0,0,0,-48
176717,620,16,0,0,30,176,0,0,80,0,0,0,4,0,0,0,-48
120773,620,16,0,0,30,176,0,0,80,0,0,0,3,0,0,0,-48
307770,620,16,0,0,30,176,0,0,80,0,0,0,-3,0,0,0,-48
64135,620,16,0,0,30,176,0,0,80,0,0,0,-3,0,0,0,-48
242273,620,16,0,0,30,176,0,0,80,0,0,0,-2,0,0,0,-48
110584,620,16,0,0,30,176,0,0,80,0,0,0,1,0,0,0,-48
98481,620,16,0,0,30,176,0,0,80,0,0,0,-2,0,0,0,-48
181949,620,16,0,0,30,176,0,0,80,0,0,0,-1,0,0,0,-48
113677,620,16,0,0,30,176,0,0,80,0,0,0,2,0,0,0,-48
14111,620,16,0,0,30,176,0,0,80,0,0,0,4,0,0,0,-48
83329,620,16,0,0,30,176,0,0,80,0,0,0,4,0,0,0,-48
38244,620,16,0,0,30,176,0,0,80,0,0,0,-3,0,0,0,-48
22601,620,16,0,0,30,176,0,0,80,0,0,0,4,0,0,0,-48
270397,620,16,0,0,30,176,0,0,80,0,0,0,2,0,0,0,-48
46674,620,16,0,0,30,176,0,0,80,0,0,0,4,0,0,0,-48
98677,620,16,0,0,30,176,0,0,80,0,0,0,4,0,0,0,-64
83604,620,16,0,0,30,176,0,0,80,0,0,0,-1,0,0,0,-48
102640,620,16,0,0,30,176,0,0,80,0,0,0,-2,0,0,0,-48
73464,620,16,0,0,30,176,0,0,80,0,0,0,-3,0,0,0,-48
122980,620,16,0,0,30,176,0,0,80,0,0,0,4,0,0,0,-48
53816,620,16,0,0,30,176,0,0,80,0,0,0,4,0,0,0,-48
247167,620,16,0,0,30,176,0,0,80,0,0,0,-1,0,0,0,-48
25570,620,16,0,0,30,176,0,0,80,0,0,0,4,0,0,0,-48
112331,620,16,0,0,30,176,0,0,80,0,0,0,4,0,0,0,-48
262957,620,16,0,0,30,176,0,0,80,0,0,0,-1,0,0,0,-48
162764,620,16,0,0,30,176,0,0,80,0,0,0,-3,0,0,0,-48
12089,620,16,0,0,30,176,0,0,80,0,0,0,-1,0,0,0,-48
12709,620,16,0,0,30,176,0,0,80,0,0,0,-2,0,0,0,-48
174993,620,16,0,0,30,176,0,0,80,0,0,0,-1,0,0,0,-48
161709,620,16,0,0,30,176,0,0,80,0,0,0,3,0,0,0,-48
295607,620,16,0,0,30,176,0,0,80,0,0,0,4,0,0,0,-48
91872,620,16,0,0,30,176,0,0,80,0,0,0,-1,0,0,0,-48
147400,620,16,0,0,30,176,0,0,80,0,0,0,0,0,0,0,-48
289318,620,16,0,0,30,176,0,0,80,0,0,0,-2,0,0,0,-48
133136,620,16,0,0,30,176,0,0,80,0,0,0,-3,0,0,0,-48
130680,620,16,0,0,30,176,0,0,80,0,0,0,4,0,0,0,-48
4721,620,16,0,0,30,176,0,0,80,0,0,0,-9,0,0,0,-48
22102,620,16,0,0,30,176,0,0,80,0,0,0,4,0,0,0,-48
193138,620,16,0,0,30,176,0,0,80,0,0,0,3,0,0,0,-48
132535,620,16,0,0,30,176,0,0,80,0,0,0,0,0,0,0,-48
131933,620,16,0,0,30,176,0,0,80,0,0,0,4,0,0,0,-48
121613,620,16,0,0,30,176,0,0,80,0,0,0,-1,0,0,0,-48
177649,620,16,0,0,30,176,0,0,80,0,0,0,-2,0,0,0,-48
213980,620,16,0,0,30,176,0,0,80,0,0,0,-3,0,0,0,-48
95918,620,16,0,0,30,176,0,0,80,0,0,0,4,0,0,0,-48
19886,620,16,0,0,30,176,0,0,80,0,0,0,-1,0,0,0,-48
155111,620,16,0,0,30,176,0,0,80,0,0,0,-7,0,0,0,-48
215919,620,16,0,0,30,176,0,0,80,0,0,0,-2,0,0,0,-48
78990,620,16,0,0,30,176,0,0,80,0,0,0,4,0,0,0,-48
62444,620,16,0,0,30,176,0,0,80,0,0,0,-2,0,0,0,-48
254853,620,16,0,0,30,176,0,0,80,0,0,0,2,0,0,0,-48
178446,620,16,0,0,30,176,0,0,80,0,0,0,-1,0,0,0,-48
25139,620,16,0,0,30,176,0,0,80,0,0,0,-1,0,0,0,-48
67010,620,16,0,0,30,176,0,0,80,0,0,0,-1,0,0,0,-48
5502,620,16,0,0,30,176,0,0,80,0,0,0,-3,0,0,0,-48
163056,620,16,0,0,30,176,0,0,80,0,0,0,-2,0,0,0,-48
219297,620,16,0,0,30,176,0,0,80,0,0,0,4,0,0,0,-48
99137,620,16,0,0,30,176,0,0,80,0,0,0,-7,0,0,0,-48
18690,620,16,0,0,30,176,0,0,80,0,0,0,4,0,0,0,-48
284126,620,16,0,0,30,176,0,0,80,0,0,0,-2,0,0,0,-48
55426,620,16,0,0,30,176,0,0,80,0,0,0,-1,0,0,0,-48
190541,620,16,0,0,30,176,0,0,80,0,0,0,-7,0,0,0,-48
102161,620,16,0,0,30,176,0,0,80,0,0,0,4,0,0,0,-48
126080,620,16,0,0,30,176,0,0,80,0,0,0,-3,0,0,0,-48
207937,620,16,0,0,30,176,0,0,80,0,0,0,-1,0,0,0,-48
218750,620,16,0,0,30,176,0,0,80,0,0,0,4,0,0,0,-48
37233,620,16,0,0,30,176,0,0,80,0,0,0,4,0,0,0,-48
189481,620,16,0,0,30,176,0,0,80,0,0,0,-2,0,0,0,-48
88435,620,16,0,0,30,176,0,0,80,0,0,0,4,0,0,0,-48
95377,620,16,0,0,30,176,0,0,80,0,0,0,-2,0,0,0,-48
172602,620,16,0,0,30,176,0,0,80,0,0,0,2,0,0,0,-48
165055,620,16,0,0,30,176,0,0,80,0,0,0,2,0,0,0,-48
221499,620,16,0,0,30,176,0,0,80,0,0,0,4,0,0,0,-48
90219,620,16,0,0,30,176,0,0,80,0,0,0,4,0,0,0,-48
312787,620,16,0,0,30,176,0,0,80,0,0,0,-2,0,0,0,-48
286167,620,16,0,0,30,176,0,0,80,0,0,0,2,0,0,0,-48
214269,620,16,0,0,30,176,0,0,80,0,0,0,-4,0,0,0,-48
169781,620,16,0,0,30,176,0,0,80,0,0,0,3,0,0,0,-48
201364,620,16,0,0,30,176,0,0,80,0,0,0,4,0,0,0,-48
115321,620,16,0,0,30,176,0,0,80,0,0,0,4,0,0,0,-48
223254,620,16,0,0,30,176,0,0,80,0,0,0,0,0,0,0,-48
175071,620,16,0,0,30,176,0,0,80,0,0,0,-1,0,0,0,-48
242633,620,16,0,0,30,176,0,0,80,0,0,0,-7,0,0,0,-48
57552,620,16,0,0,30,176,0,0,80,0,0,0,-2,0,0,0,-48
101953,620,16,0,0,30,176,0,0,80,0,0,0,4,0,0,0,-48
169457,620,16,0,0,30,176,0,0,80,0,0,0,-2,0,0,0,-48
87366,620,16,0,0,30,176,0,0,80,0,0,0,0,0,0,0,-48
49391,620,16,0,0,30,176,0,0,80,0,0,0,-2,0,0,0,-48
82564,620,16,0,0,30,176,0,0,80,0,0,0,4,0,0,0,-48
13203,620,16,0,0,30,176,0,0,80,0,0,0,-3,0,0,0,-48
149761,620,16,0,0,30,176,0,0,80,0,0,0,3,0,0,0,-48
236738,620,16,0,0,30,176,0,0,80,0,0,0,1,0,0,0,-48
252275,620,16,0,0,30,176,0,0,80,0,0,0,4,0,0,0,-48
106205,620,16,0,0,30,176,0,0,80,0,0,0,2,0,0,0,-48
126776,620,16,0,0,30,176,0,0,80,0,0,0,-2,0,0,0,-48
279795,620,16,0,0,30,176,0,0,80,0,0,0,4,0,0,0,-48
18180,620,16,0,0,30,176,0,0,80,0,0,0,4,0,0,0,-48
297213,620,16,0,0,30,176,0,0,80,0,0,0,-2,0,0,0,-48
20410,620,16,0,0,30,176,0,0,80,0,0,0,-2,0,0,0,-48
129187,620,16,0,0,30,176,0,0,80,0,0,0,4,0,0,0,-48
44135,620,16,0,0,30,176,0,0,80,0,0,0,4,0,0,0,-48
284912,620,16,0,0,30,176,0,0,80,0,0,0,-1,0,0,0,-48
248049,620,16,0,0,30,176,0,0,80,0,0,0,4,0,0,0,-64
104942,620,16,0,0,30,176,0,0,80,0,0,0,4,0,0,0,-48
240640,620,16,0,0,30,176,0,0,80,0,0,0,3,0,0,0,-48
99416,620,16,0,0,30,176,0,0,80,0,0,0,-4,0,0,0,-48
228597,620,16,0,0,30,176,0,0,80,0,0,0,4,0,0,0,-48
14974,620,16,0,0,30,176,0,0,80,0,0,0,2,0,0,0,-48
141844,620,16,0,0,30,176,0,0,80,0,0,0,4,0,0,0,-48
167531,620,16,0,0,30,176,0,0,80,0,0,0,4,0,0,0,-48
226496,620,16,0,0,30,176,0,0,80,0,0,0,2,0,0,0,-48
295869,620,16,0,0,30,176,0,0,80,0,0,0,-1,0,0,0,-48
212212,620,16,0,0,30,176,0,0,80,0,0,0,0,0,0,0,-48
238478,620,16,0,0,30,176,0,0,80,0,0,0,-1,0,0,0,-48
110383,620,16,0,0,30,176,0,0,80,0,0,0,4,0,0,0,-48
15632,620,16,0,0,30,176,0,0,80,0,0,0,4,0,0,0,-48
297846,620,16,0,0,30,176,0,0,80,0,0,0,4,0,0,0,-48
271174,620,16,0,0,30,176,0,0,80,0,0,0,4,0,0,0,-48
190101,620,16,0,0,30,176,0,0,80,0,0,0,3,0,0,0,-48
11054,620,16,0,0,30,176,0,0,80,0,0,0,3,0,0,0,-48
215478,620,16,0,0,30,176,0,0,80,0,0,0,3,0,0,0,-48
243871,620,16,0,0,30,176,0,0,80,0,0,0,1,0,0,0,-48
247467,620,16,0,0,30,176,0,0,80,0,0,0,-2,0,0,0,-48
70633,620,16,0,0,30,176,0,0,80,0,0,0,4,0,0,0,-48
25758,620,16,0,0,30,176,0,0,80,0,0,0,3,0,0,0,-48
269340,620,16,0,0,30,176,0,0,80,0,0,0,4,0,0,0,-48
40458,620,16,0,0,30,176,0,0,80,0,0,0,0,0,0,0,-48
169179,620,16,0,0,30,176,0,0,80,0,0,0,4,0,0,0,-48
297747,620,16,0,0,30,176,0,0,80,0,0,0,-2,0,0,0,-48
242376,620,16,0,0,30,176,0,0,80,0,0,0,4,0,0,0,-48
189382,620,16,0,0,30,176,0,0,80,0,0,0,1,0,0,0,-48
140186,620,16,0,0,30,176,0,0,80,0,0,0,-4,0,0,0,-48
290361,620,16,0,0,30,176,0,0,80,0,0,0,-1,0,0,0,-48
72926,620,16,0,0,30,176,0,0,80,0,0,0,-3,0,0,0,-48
147091,620,16,0,0,30,176,0,0,80,0,0,0,-1,0,0,0,-48
7207,620,16,0,0,30,176,0,0,80,0,0,0,4,0,0,0,-48
258179,620,16,0,0,30,176,0,0,80,0,0,0,0,0,0,0,-48
94816,620,16,0,0,30,176,0,0,80,0,0,0,-3,0,0,0,-48
252662,620,16,0,0,30,176,0,0,80,0,0,0,3,0,0,0,-48
248294,620,16,0,0,30,176,0,0,80,0,0,0,4,0,0,0,-64
234978,620,16,0,0,30,176,0,0,80,0,0,0,4,0,0,0,-48
36080,620,16,0,0,30,176,0,0,80,0,0,0,-2,0,0,0,-48
149490,620,16,0,0,30,176,0,0,80,0,0,0,-1,0,0,0,-48
240579,620,16,0,0,30,176,0,0,80,0,0,0,0,0,0,0,-48
288779,620,16,0,0,30,176,0,0,80,0,0,0,-1,0,0,0,-48
286206,620,16,0,0,30,176,0,0,80,0,0,0,0,0,0,0,-48
179269,620,16,0,0,30,176,0,0,80,0,0,0,4,0,0,0,-48
127376,620,16,0,0,30,176,0,0,80,0,0,0,-2,0,0,0,-48
9066,620,16,0,0,30,176,0,0,80,0,0,0,-5,0,0,0,-48
155873,620,16,0,0,30,176,0,0,80,0,0,0,-2,0,0,0,-48
197147,620,16,0,0,30,176,0,0,80,0,0,0,-3,0,0,0,-48
248927,620,16,0,0,30,176,0,0,80,0,0,0,3,0,0,0,-48
134750,620,16,0,0,30,176,0,0,80,0,0,0,-1,0,0,0,-48
88374,620,16,0,0,30,176,0,0,80,0,0,0,-1,0,0,0,-48
156225,620,16,0,0,30,176,0,0,80,0,0,0,-2,0,0,0,-48
113628,620,16,0,0,30,176,0,0,80,0,0,0,-1,0,0,0,-48
12465,620,16,0,0,30,176,0,0,80,0,0,0,2,0,0,0,-48
160180,620,16,0,0,30,176,0,0,80,0,0,0,1,0,0,0,-48
8301,620,16,0,0,30,176,0,0,80,0,0,0,4,0,0,0,-48
48711,620,16,0,0,30,176,0,0,80,0,0,0,4,0,0,0,-48
230214,620,16,0,0,30,176,0,0,80,0,0,0,4,0,0,0,-48
18027,620,16,0,0,30,176,0,0,80,0,0,0,0,0,0,0,-48
62705,620,16,0,0,30,176,0,0,80,0,0,0,-2,0,0,0,-48
66435,620,16,0,0,30,176,0,0,80,0,0,0,-2,0,0,0,-48
207990,620,16,0,0,30,176,0,0,80,0,0,0,-1,0,0,0,-48
28858,620,16,0,0,30,176,0,0,80,0,0,0,-1,0,0,0,-48
122965,620,16,0,0,30,176,0,0,80,0,0,0,0,0,0,0,-48
140891,620,16,0,0,30,176,0,0,80,0,0,0,1,0,0,0,-48
241146,620,16,0,0,30,176,0,0,80,0,0,0,-1,0,0,0,-48
181238,620,16,0,0,30,176,0,0,80,0,0,0,-2,0,0,0,-48
172888,620,16,0,0,30,176,0,0,80,0,0,0,4,0,0,0,-48
164545,620,16,0,0,30,176,0,0,80,0,0,0,-1,0,0,0,-48
310982,620,16,0,0,30,176,0,0,80,0,0,0,4,0,0,0,-48
133360,620,16,0,0,30,176,0,0,80,0,0,0,4,0,0,0,-48
105802,620,16,0,0,30,176,0,0,80,0,0,0,-1,0,0,0,-48
68351,620,16,0,0,30,176,0,0,80,0,0,0,4,0,0,0,-48
215128,620,16,0,0,30,176,0,0,80,0,0,0,-3,0,0,0,-48
176550,620,16,0,0,30,176,0,0,80,0,0,0,2,0,0,0,-48
231999,620,16,0,0,30,176,0,0,80,0,0,0,-1,0,0,0,-48
257477,620,16,0,0,30,176,0,0,80,0,0,0,0,0,0,0,-48
34506,620,16,0,0,30,176,0,0,80,0,0,0,-10,0,0,0,-48
295021,620,16,0,0,30,176,0,0,80,0,0,0,4,0,0,0,-48
78865,620,16,0,0,30,176,0,0,80,0,0,0,0,0,0,0,-48
79414,620,16,0,0,30,176,0,0,80,0,0,0,-2,0,0,0,-48
250017,620,16,0,0,30,176,0,0,80,0,0,0,-3,0,0,0,-48
182809,620,16,0,0,30,176,0,0,80,0,0,0,-2,0,0,0,-48
236601,620,16,0,0,30,176,0,0,80,0,0,0,1,0,0,0,-48
206220,620,16,0,0,30,176,0,0,80,0,0,0,2,0,0,0,-48
55604,620,16,0,0,30,176,0,0,80,0,0,0,4,0,0,0,-48
168890,620,16,0,0,30,176,0,0,80,0,0,0,4,0,0,0,-48
255056,620,16,0,0,30,176,0,0,80,0,0,0,4,0,0,0,-48
246042,620,16,0,0,30,176,0,0,80,0,0,0,4,0,0,0,-48
203698,620,16,0,0,30,176,0,0,80,0,0,0,-1,0,0,0,-48
284878,620,16,0,0,30,176,0,0,80,0,0,0,2,0,0,0,-48
261179,620,16,0,0,30,176,0,0,80,0,0,0,3,0,0,0,-48
128126,620,16,0,0,30,176,0,0,80,0,0,0,4,0,0,0,-48
37054,620,16,0,0,30,176,0,0,80,0,0,0,3,0,0,0,-48
219258,620,16,0,0,30,176,0,0,80,0,0,0,-6,0,0,0,-48
75811,620,16,0,0,30,176,0,0,80,0,0,0,1,0,0,0,-48
81031,620,16,0,0,30,176,0,0,80,0,0,0,4,0,0,0,-48
84127,620,16,0,0,30,176,0,0,80,0,0,0,-3,0,0,0,-48
56621,620,16,0,0,30,176,0,0,80,0,0,0,4,0,0,0,-48
44468,620,16,0,0,30,176,0,0,80,0,0,0,-1,0,0,0,-48
243063,620,16,0,0,30,176,0,0,80,0,0,0,0,0,0,0,-48
259816,620,16,0,0,30,176,0,0,80,0,0,0,-2,0,0,0,-48
294002,620,16,0,0,30,176,0,0,80,0,0,0,4,0,0,0,-48
264372,620,16,0,0,30,176,0,0,80,0,0,0,-3,0,0,0,-48
299091,620,16,0,0,30,176,0,0,80,0,0,0,4,0,0,0,-48
216745,620,16,0,0,30,176,0,0,80,0,0,0,4,0,0,0,-48
115368,620,16,0,0,30,176,0,0,80,0,0,0,2,0,0,0,-48
182077,620,16,0,0,30,176,0,0,80,0,0,0,-14,0,0,0,-48
8608,620,16,0,0,30,176,0,0,80,0,0,0,4,0,0,0,-64
76815,620,16,0,0,30,176,0,0,80,0,0,0,4,0,0,0,-48
40117,620,16,0,0,30,176,0,0,80,0,0,0,-4,0,0,0,-48
109728,620,16,0,0,30,176,0,0,80,0,0,0,4,0,0,0,-48
17143,620,16,0,0,30,176,0,0,80,0,0,0,4,0,0,0,-48
121268,620,16,0,0,30,176,0,0,80,0,0,0,-13,0,0,0,-48
128965,620,16,0,0,30,176,0,0,80,0,0,0,-2,0,0,0,-48
257994,620,16,0,0,30,176,0,0,80,0,0,0,-2,0,0,0,-48
154068,620,16,0,0,30,176,0,0,80,0,0,0,1,0,0,0,-48
201851,620,16,0,0,30,176,0,0,80,0,0,0,4,0,0,0,-48
7378,620,16,0,0,30,176,0,0,80,0,0,0,4,0,0,0,-64
290195,620,16,0,0,30,176,0,0,80,0,0,0,4,0,0,0,-48
82806,620,16,0,0,30,176,0,0,80,0,0,0,3,0,0,0,-48
280778,620,16,0,0,30,176,0,0,80,0,0,0,-10,0,0,0,-48
155939,620,16,0,0,30,176,0,0,80,0,0,0,-2,0,0,0,-48
1174,620,16,0,0,30,176,0,0,80,0,0,0,-9,0,0,0,-48
208736,620,16,0,0,30,176,0,0,80,0,0,0,4,0,0,0,-48
32352,620,16,0,0,30,176,0,0,80,0,0,0,0,0,0,0,-48
238554,620,16,0,0,30,176,0,0,80,0,0,0,-8,0,0,0,-48
138418,620,16,0,0,30,176,0,0,80,0,0,0,-1,0,0,0,-48
98193,620,16,0,0,30,176,0,0,80,0,0,0,-2,0,0,0,-48
277394,620,16,0,0,30,176,0,0,80,0,0,0,-1,0,0,0,-48
286604,620,16,0,0,30,176,0,0,80,0,0,0,4,0,0,0,-48
129684,620,16,0,0,30,176,0,0,80,0,0,0,4,0,0,0,-48
12134,620,16,0,0,30,176,0,0,80,0,0,0,-2,0,0,0,-48
167021,620,16,0,0,30,176,0,0,80,0,0,0,4,0,0,0,-48
40865,620,16,0,0,30,176,0,0,80,0,0,0,-9,0,0,0,-48
250152,620,16,0,0,30,176,0,0,80,0,0,0,3,0,0,0,-48
38632,620,16,0,0,30,176,0,0,80,0,0,0,4,0,0,0,-64
111989,620,16,0,0,30,176,0,0,80,0,0,0,0,0,0,0,-48
291844,620,16,0,0,30,176,0,0,80,0,0,0,0,0,0,0,-48
137638,620,16,0,0,30,176,0,0,80,0,0,0,-1,0,0,0,-48
181056,620,16,0,0,30,176,0,0,80,0,0,0,-2,0,0,0,-48
108348,620,16,0,0,30,176,0,0,80,0,0,0,0,0,0,0,-48
50239,620,16,0,0,30,176,0,0,80,0,0,0,2,0,0,0,-48
108906,620,16,0,0,30,176,0,0,80,0,0,0,0,0,0,0,-48
278000,620,16,0,0,30,176,0,0,80,0,0,0,-3,0,0,0,-48
280956,620,16,0,0,30,176,0,0,80,0,0,0,4,0,0,0,-48
218518,620,16,0,0,30,176,0,0,80,0,0,0,4,0,0,0,-64
250686,620,16,0,0,30,176,0,0,80,0,0,0,3,0,0,0,-48
41410,620,16,0,0,30,176,0,0,80,0,0,0,3,0,0,0,-48
184095,620,16,0,0,30,176,0,0,80,0,0,0,4,0,0,0,-48
226302,620,16,0,0,30,176,0,0,80,0,0,0,4,0,0,0,-48
259386,620,16,0,0,30,176,0,0,80,0,0,0,4,0,0,0,-48
264929,620,16,0,0,30,176,0,0,80,0,0,0,-1,0,0,0,-48
248774,620,16,0,0,30,176,0,0,80,0,0,0,4,0,0,0,-48
72811,620,16,0,0,30,176,0,0,80,0,0,0,3,0,0,0,-48
166370,620,16,0,0,30,176,0,0,80,0,0,0,0,0,0,0,-48
9594,620,16,0,0,30,176,0,0,80,0,0,0,-1,0,0,0,-48
176267,620,16,0,0,30,176,0,0,80,0,0,0,3,0,0,0,-48
102228,620,16,0,0,30,176,0,0,80,0,0,0,4,0,0,0,-48
282801,620,16,0,0,30,176,0,0,80,0,0,0,4,0,0,0,-48
72389,620,16,0,0,30,176,0,0,80,0,0,0,4,0,0,0,-48
180800,620,16,0,0,30,176,0,0,80,0,0,0,4,0,0,0,-48
102545,620,16,0,0,30,176,0,0,80,0,0,0,2,0,0,0,-48
77077,620,16,0,0,30,176,0,0,80,0,0,0,0,0,0,0,-48
136126,620,16,0,0,30,176,0,0,80,0,0,0,2,0,0,0,-48
2865,620,16,0,0,30,176,0,0,80,0,0,0,-2,0,0,0,-48
287103,620,16,0,0,30,176,0,0,80,0,0,0,1,0,0,0,-48
119721,620,16,0,0,30,176,0,0,80,0,0,0,3,0,0,0,-48
117892,620,16,0,0,30,176,0,0,80,0,0,0,4,0,0,0,-48
95417,620,16,0,0,30,176,0,0,80,0,0,0,-2,0,0,0,-48
224420,620,16,0,0,30,176,0,0,80,0,0,0,4,0,0,0,-48
259693,620,16,0,0,30,176,0,0,80,0,0,0,4,0,0,0,-48
91015,620,16,0,0,30,176,0,0,80,0,0,0,-1,0,0,0,-48
221295,620,16,0,0,30,176,0,0,80,0,0,0,0,0,0,0,-48
237788,620,16,0,0,30,176,0,0,80,0,0,0,3,0,0,0,-48
8692,620,16,0,0,30,176,0,0,80,0,0,0,-2,0,0,0,-48
75521,620,16,0,0,30,176,0,0,80,0,0,0,-1,0,0,0,-48
220250,620,16,0,0,30,176,0,0,80,0,0,0,-2,0,0,0,-48
13814,620,16,0,0,30,176,0,0,80,0,0,0,4,0,0,0,-48
172507,620,16,0,0,30,176,0,0,80,0,0,0,-2,0,0,0,-48
57629,620,16,0,0,30,176,0,0,80,0,0,0,4,0,0,0,-48
23819,620,16,0,0,30,176,0,0,80,0,0,0,-1,0,0,0,-48
237732,620,16,0,0,30,176,0,0,80,0,0,0,-1,0,0,0,-48
83649,620,16,0,0,30,176,0,0,80,0,0,0,1,0,0,0,-48
103059,620,16,0,0,30,176,0,0,80,0,0,0,4,0,0,0,-48
100657,620,16,0,0,30,176,0,0,80,0,0,0,4,0,0,0,-48
244621,620,16,0,0,30,176,0,0,80,0,0,0,-9,0,0,0,-48
48866,620,16,0,0,30,176,0,0,80,0,0,0,-1,0,0,0,-48
87140,620,16,0,0,30,176,0,0,80,0,0,0,4,0,0,0,-48
96419,620,16,0,0,30,176,0,0,80,0,0,0,-2,0,0,0,-48
16140,620,16,0,0,30,176,0,0,80,0,0,0,4,0,0,0,-48
167839,620,16,0,0,30,176,0,0,80,0,0,0,-3,0,0,0,-48
209910,620,16,0,0,30,176,0,0,80,0,0,0,4,0,0,0,-48
285758,620,16,0,0,30,176,0,0,80,0,0,0,4,0,0,0,-48
273355,620,16,0,0,30,176,0,0,80,0,0,0,1,0,0,0,-48
227576,620,16,0,0,30,176,0,0,80,0,0,0,4,0,0,0,-48
120274,620,16,0,0,30,176,0,0,80,0,0,0,0,0,0,0,-48
66568,620,16,0,0,30,176,0,0,80,0,0,0,2,0,0,0,-48
110843,620,16,0,0,30,176,0,0,80,0,0,0,4,0,0,0,-48
274772,620,16,0,0,30,176,0,0,80,0,0,0,-1,0,0,0,-48
173412,620,16,0,0,30,176,0,0,80,0,0,0,-1,0,0,0,-48
16518,620,16,0,0,30,176,0,0,80,0,0,0,0,0,0,0,-48
266277,620,16,0,0,30,176,0,0,80,0,0,0,4,0,0,0,-48
173615,620,16,0,0,30,176,0,0,80,0,0,0,4,0,0,0,-48
50956,620,16,0,0,30,176,0,0,80,0,0,0,-2,0,0,0,-48
216567,620,16,0,0,30,176,0,0,80,0,0,0,-2,0,0,0,-48
4458,620,16,0,0,30,176,0,0,80,0,0,0,3,0,0,0,-48
208841,620,16,0,0,30,176,0,0,80,0,0,0,-1,0,0,0,-48
32082,620,16,0,0,30,176,0,0,80,0,0,0,0,0,0,0,-48
220127,620,16,0,0,30,176,0,0,80,0,0,0,3,0,0,0,-48
148771,620,16,0,0,30,176,0,0,80,0,0,0,-1,0,0,0,-48
97010,620,16,0,0,30,176,0,0,80,0,0,0,4,0,0,0,-48
82682,620,16,0,0,30,176,0,0,80,0,0,0,0,0,0,0,-48
191480,620,16,0,0,30,176,0,0,80,0,0,0,-4,0,0,0,-48
218209,620,16,0,0,30,176,0,0,80,0,0,0,-3,0,0,0,-48
212263,620,16,0,0,30,176,0,0,80,0,0,0,-2,0,0,0,-48
39600,620,16,0,0,30,176,0,0,80,0,0,0,-2,0,0,0,-48
253790,620,16,0,0,30,176,0,0,80,0,0,0,4,0,0,0,-48
72445,620,16,0,0,30,176,0,0,80,0,0,0,-2,0,0,0,-48
163635,620,16,0,0,30,176,0,0,80,0,0,0,-1,0,0,0,-48
294260,620,16,0,0,30,176,0,0,80,0,0,0,3,0,0,0,-48
294298,620,16,0,0,30,176,0,0,80,0,0,0,-1,0,0,0,-48
17711,620,16,0,0,30,176,0,0,80,0,0,0,-3,0,0,0,-48
249251,620,16,0,0,30,176,0,0,80,0,0,0,-3,0,0,0,-48
14445,620,16,0,0,30,176,0,0,80,0,0,0,-1,0,0,0,-48
10226,620,16,0,0,30,176,0,0,80,0,0,0,3,0,0,0,-48
138938,620,16,0,0,30,176,0,0,80,0,0,0,-1,0,0,0,-48
64088,620,16,0,0,30,176,0,0,80,0,0,0,1,0,0,0,-48
139276,620,16,0,0,30,176,0,0,80,0,0,0,4,0,0,0,-48
267043,620,16,0,0,30,176,0,0,80,0,0,0,4,0,0,0,-48
3971,620,16,0,0,30,176,0,0,80,0,0,0,4,0,0,0,-48
280293,620,16,0,0,30,176,0,0,80,0,0,0,4,0,0,0,-48
159826,620,16,0,0,30,176,0,0,80,0,0,0,-2,0,0,0,-48
219455,620,16,0,0,30,176,0,0,80,0,0,0,-2,0,0,0,-48
62799,620,16,0,0,30,176,0,0,80,0,0,0,4,0,0,0,-48
71389,620,16,0,0,30,176,0,0,80,0,0,0,-4,0,0,0,-48
249756,620,16,0,0,30,176,0,0,80,0,0,0,4,0,0,0,-48
88673,620,16,0,0,30,176,0,0,80,0,0,0,4,0,0,0,-48
210268,620,16,0,0,30,176,0,0,80,0,0,0,0,0,0,0,-48
58429,620,16,0,0,30,176,0,0,80,0,0,0,-1,0,0,0,-48
210007,620,16,0,0,30,176,0,0,80,0,0,0,1,0,0,0,-48
57698,620,16,0,0,30,176,0,0,80,0,0,0,4,0,0,0,-48
118126,620,16,0,0,30,176,0,0,80,0,0,0,0,0,0,0,-48
299346,620,16,0,0,30,176,0,0,80,0,0,0,-1,0,0,0,-48
26346,620,16,0,0,30,176,0,0,80,0,0,0,4,0,0,0,-48
225604,620,16,0,0,30,176,0,0,80,0,0,0,-1,0,0,0,-48
197604,620,16,0,0,30,176,0,0,80,0,0,0,-1,0,0,0,-48
282994,620,16,0,0,30,176,0,0,80,0,0,0,-3,0,0,0,-48
133916,620,16,0,0,30,176,0,0,80,0,0,0,4,0,0,0,-48
168295,620,16,0,0,30,176,0,0,80,0,0,0,4,0,0,0,-48
172676,620,16,0,0,30,176,0,0,80,0,0,0,-1,0,0,0,-48
60248,620,16,0,0,30,176,0,0,80,0,0,0,4,0,0,0,-48
273156,620,16,0,0,30,176,0,0,80,0,0,0,-2,0,0,0,-48
244684,620,16,0,0,30,176,0,0,80,0,0,0,4,0,0,0,-48
158715,620,16,0,0,30,176,0,0,80,0,0,0,4,0,0,0,-48
167406,620,16,0,0,30,176,0,0,80,0,0,0,-3,0,0,0,-48
77717,620,16,0,0,30,176,0,0,80,0,0,0,4,0,0,0,-48
251275,620,16,0,0,30,176,0,0,80,0,0,0,0,0,0,0,-48
153530,620,16,0,0,30,176,0,0,80,0,0,0,-2,0,0,0,-48
77193,620,16,0,0,30,176,0,0,80,0,0,0,4,0,0,0,-48
22192,620,16,0,0,30,176,0,0,80,0,0,0,1,0,0,0,-48
238015,620,16,0,0,30,176,0,0,80,0,0,0,-1,0,0,0,-48
223580,620,16,0,0,30,176,0,0,80,0,0,0,-3,0,0,0,-48
160452,620,16,0,0,30,176,0,0,80,0,0,0,4,0,0,0,-48
5799,620,16,0,0,30,176,0,0,80,0,0,0,4,0,0,0,-48
176972,620,16,0,0,30,176,0,0,80,0,0,0,4,0,0,0,-48
223037,620,16,0,0,30,176,0,0,80,0,0,0,-2,0,0,0,-48
68745,620,16,0,0,30,176,0,0,80,0,0,0,-2,0,0,0,-48
151104,620,16,0,0,30,176,0,0,80,0,0,0,0,0,0,0,-48
254549,620,16,0,0,30,176,0,0,80,0,0,0,4,0,0,0,-48
221530,620,16,0,0,30,176,0,0,80,0,0,0,-2,0,0,0,-48
199542,620,16,0,0,30,176,0,0,80,0,0,0,3,0,0,0,-48
41389,620,16,0,0,30,176,0,0,80,0,0,0,-3,0,0,0,-48
39298,620,16,0,0,30,176,0,0,80,0,0,0,-2,0,0,0,-48
234016,620,16,0,0,30,176,0,0,80,0,0,0,0,0,0,0,-48
258504,620,16,0,0,30,176,0,0,80,0,0,0,-1,0,0,0,-48
267721,620,16,0,0,30,176,0,0,80,0,0,0,-2,0,0,0,-48
168956,620,16,0,0,30,176,0,0,80,0,0,0,1,0,0,0,-48
158929,620,16,0,0,30,176,0,0,80,0,0,0,-4,0,0,0,-48
111525,620,16,0,0,30,176,0,0,80,0,0,0,-1,0,0,0,-48
194487,620,16,0,0,30,176,0,0,80,0,0,0,4,0,0,0,-48
2327,620,16,0,0,30,176,0,0,80,0,0,0,0,0,0,0,-48
42459,620,16,0,0,30,176,0,0,80,0,0,0,3,0,0,0,-48
239029,620,16,0,0,30,176,0,0,80,0,0,0,-1,0,0,0,-48
224866,620,16,0,0,30,176,0,0,80,0,0,0,-1,0,0,0,-48
229532,620,16,0,0,30,176,0,0,80,0,0,0,-3,0,0,0,-48
41040,620,16,0,0,30,176,0,0,80,0,0,0,-3,0,0,0,-48
19716,620,16,0,0,30,176,0,0,80,0,0,0,4,0,0,0,-48
65285,620,16,0,0,30,176,0,0,80,0,0,0,-2,0,0,0,-48
165611,620,16,0,0,30,176,0,0,80,0,0,0,2,0,0,0,-48
43442,620,16,0,0,30,176,0,0,80,0,0,0,-3,0,0,0,-48
197686,620,16,0,0,30,176,0,0,80,0,0,0,-3,0,0,0,-48
241594,620,16,0,0,30,176,0,0,80,0,0,0,4,0,0,0,-48
29393,620,16,0,0,30,176,0,0,80,0,0,0,-1,0,0,0,-48
152497,620,16,0,0,30,176,0,0,80,0,0,0,-2,0,0,0,-48
278767,620,16,0,0,30,176,0,0,80,0,0,0,-4,0,0,0,-48
226139,620,16,0,0,30,176,0,0,80,0,0,0,4,0,0,0,-48
214391,620,16,0,0,30,176,0,0,80,0,0,0,3,0,0,0,-48
196517,620,16,0,0,30,176,0,0,80,0,0,0,4,0,0,0,-48
82000,620,16,0,0,30,176,0,0,80,0,0,0,-1,0,0,0,-48
49136,620,16,0,0,30,176,0,0,80,0,0,0,2,0,0,0,-48
178815,620,16,0,0,30,176,0,0,80,0,0,0,-1,0,0,0,-48
138146,620,16,0,0,30,176,0,0,80,0,0,0,-4,0,0,0,-48
39797,620,16,0,0,30,176,0,0,80,0,0,0,3,0,0,0,-48
29679,620,16,0,0,30,176,0,0,80,0,0,0,1,0,0,0,-48
18851,620,16,0,0,30,176,0,0,80,0,0,0,-1,0,0,0,-48
291931,620,16,0,0,30,176,0,0,80,0,0,0,-1,0,0,0,-48
135585,620,16,0,0,30,176,0,0,80,0,0,0,2,0,0,0,-48
132809,620,16,0,0,30,176,0,0,80,0,0,0,-2,0,0,0,-48
72625,620,16,0,0,30,176,0,0,80,0,0,0,4,0,0,0,-48
251485,620,16,0,0,30,176,0,0,80,0,0,0,4,0,0,0,-48
31434,620,16,0,0,30,176,0,0,80,0,0,0,-2,0,0,0,-48
293546,620,16,0,0,30,176,0,0,80,0,0,0,1,0,0,0,-48
220401,620,16,0,0,30,176,0,0,80,0,0,0,3,0,0,0,-48
175984,620,16,0,0,30,176,0,0,80,0,0,0,3,0,0,0,-48
211975,620,16,0,0,30,176,0,0,80,0,0,0,-1,0,0,0,-48
113953,620,16,0,0,30,176,0,0,80,0,0,0,4,0,0,0,-48
75454,620,16,0,0,30,176,0,0,80,0,0,0,-4,0,0,0,-48
80774,620,16,0,0,30,176,0,0,80,0,0,0,-1,0,0,0,-48
165782,620,16,0,0,30,176,0,0,80,0,0,0,-1,0,0,0,-48
124830,620,16,0,0,30,176,0,0,80,0,0,0,-8,0,0,0,-48
204953,620,16,0,0,30,176,0,0,80,0,0,0,4,0,0,0,-48
67876,620,16,0,0,30,176,0,0,80,0,0,0,-1,0,0,0,-48
180035,620,16,0,0,30,176,0,0,80,0,0,0,4,0,0,0,-48
232041,620,16,0,0,30,176,0,0,80,0,0,0,-3,0,0,0,-48
163179,620,16,0,0,30,176,0,0,80,0,0,0,-3,0,0,0,-48
149552,620,16,0,0,30,176,0,0,80,0,0,0,4,0,0,0,-48
105837,620,16,0,0,30,176,0,0,80,0,0,0,1,0,0,0,-48
116217,620,16,0,0,30,176,0,0,80,0,0,0,3,0,0,0,-48
80265,620,16,0,0,30,176,0,0,80,0,0,0,4,0,0,0,-48
30737,620,16,0,0,30,176,0,0,80,0,0,0,2,0,0,0,-48
170085,620,16,0,0,30,176,0,0,80,0,0,0,0,0,0,0,-48
103707,620,16,0,0,30,176,0,0,80,0,0,0,-1,0,0,0,-48
263225,620,16,0,0,30,176,0,0,80,0,0,0,2,0,0,0,-48
92257,620,16,0,0,30,176,0,0,80,0,0,0,4,0,0,0,-48
145929,620,16,0,0,30,176,0,0,80,0,0,0,4,0,0,0,-48
257600,620,16,0,0,30,176,0,0,80,0,0,0,4,0,0,0,-48
6267,620,16,0,0,30,176,0,0,80,0,0,0,-4,0,0,0,-48
148421,620,16,0,0,30,176,0,0,80,0,0,0,-1,0,0,0,-48
43698,620,16,0,0,30,176,0,0,80,0,0,0,-3,0,0,0,-48
104256,620,16,0,0,30,176,0,0,80,0,0,0,-1,0,0,0,-48
276281,620,16,0,0,30,176,0,0,80,0,0,0,4,0,0,0,-48
25326,620,16,0,0,30,176,0,0,80,0,0,0,4,0,0,0,-48
206343,620,16,0,0,30,176,0,0,80,0,0,0,-1,0,0,0,-48
276767,620,16,0,0,30,176,0,0,80,0,0,0,-2,0,0,0,-48
285429,620,16,0,0,30,176,0,0,80,0,0,0,-1,0,0,0,-48
155969,620,16,0,0,30,176,0,0,80,0,0,0,4,0,0,0,-48
192626,620,16,0,0,30,176,0,0,80,0,0,0,3,0,0,0,-48
81960,620,16,0,0,30,176,0,0,80,0,0,0,-1,0,0,0,-48
58616,620,16,0,0,30,176,0,0,80,0,0,0,-1,0,0,0,-48
247977,620,16,0,0,30,176,0,0,80,0,0,0,-3,0,0,0,-48
185881,620,16,0,0,30,176,0,0,80,0,0,0,1,0,0,0,-48
226049,620,16,0,0,30,176,0,0,80,0,0,0,4,0,0,0,-48
24143,620,16,0,0,30,176,0,0,80,0,0,0,4,0,0,0,-48
92731,620,16,0,0,30,176,0,0,80,0,0,0,-2,0,0,0,-48
17803,620,16,0,0,30,176,0,0,80,0,0,0,-1,0,0,0,-48
95311,620,16,0,0,30,176,0,0,80,0,0,0,-2,0,0,0,-48
215357,620,16,0,0,30,176,0,0,80,0,0,0,4,0,0,0,-48
90958,620,16,0,0,30,176,0,0,80,0,0,0,-1,0,0,0,-48
101544,620,16,0,0,30,176,0,0,80,0,0,0,3,0,0,0,-48
112825,620,16,0,0,30,176,0,0,80,0,0,0,4,0,0,0,-48
195079,620,16,0,0,30,176,0,0,80,0,0,0,2,0,0,0,-48
44744,620,16,0,0,30,176,0,0,80,0,0,0,3,0,0,0,-48
227018,620,16,0,0,30,176,0,0,80,0,0,0,-2,0,0,0,-48
13914,620,16,0,0,30,176,0,0,80,0,0,0,-2,0,0,0,-48
73848,620,16,0,0,30,176,0,0,80,0,0,0,4,0,0,0,-48
284258,620,16,0,0,30,176,0,0,80,0,0,0,4,0,0,0,-48
292193,620,16,0,0,30,176,0,0,80,0,0,0,-1,0,0,0,-48
227321,620,16,0,0,30,176,0,0,80,0,0,0,4,0,0,0,-48
54184,620,16,0,0,30,176,0,0,80,0,0,0,4,0,0,0,-48
160458,620,16,0,0,30,176,0,0,80,0,0,0,-2,0,0,0,-48
39092,620,16,0,0,30,176,0,0,80,0,0,0,-4,0,0,0,-48
223991,620,16,0,0,30,176,0,0,80,0,0,0,4,0,0,0,-48
205282,620,16,0,0,30,176,0,0,80,0,0,0,-1,0,0,0,-48
97607,620,16,0,0,30,176,0,0,80,0,0,0,-3,0,0,0,-48
164760,620,16,0,0,30,176,0,0,80,0,0,0,2,0,0,0,-48
13336,620,16,0,0,30,176,0,0,80,0,0,0,-1,0,0,0,-48
117911,620,16,0,0,30,176,0,0,80,0,0,0,-1,0,0,0,-48
264273,620,16,0,0,30,176,0,0,80,0,0,0,-1,0,0,0,-48
249053,620,16,0,0,30,176,0,0,80,0,0,0,3,0,0,0,-48
118918,620,16,0,0,30,176,0,0,80,0,0,0,-2,0,0,0,-48
163973,620,16,0,0,30,176,0,0,80,0,0,0,4,0,0,0,-48
229904,620,16,0,0,30,176,0,0,80,0,0,0,-2,0,0,0,-48
204666,620,16,0,0,30,176,0,0,80,0,0,0,-1,0,0,0,-48
283578,620,16,0,0,30,176,0,0,80,0,0,0,0,0,0,0,-48
140821,620,16,0,0,30,176,0,0,80,0,0,0,4,0,0,0,-48
219560,620,16,0,0,30,176,0,0,80,0,0,0,3,0,0,0,-48
250272,620,16,0,0,30,176,0,0,80,0,0,0,-2,0,0,0,-48
120810,620,16,0,0,30,176,0,0,80,0,0,0,2,0,0,0,-48
287368,620,16,0,0,30,176,0,0,80,0,0,0,4,0,0,0,-48
18552,620,16,0,0,30,176,0,0,80,0,0,0,0,0,0,0,-48
144262,620,16,0,0,30,176,0,0,80,0,0,0,4,0,0,0,-48
157057,620,16,0,0,30,176,0,0,80,0,0,0,4,0,0,0,-48
219230,620,16,0,0,30,176,0,0,80,0,0,0,-4,0,0,0,-48
201337,620,16,0,0,30,176,0,0,80,0,0,0,-2,0,0,0,-48
131459,620,16,0,0,30,176,0,0,80,0,0,0,-2,0,0,0,-48
128219,620,16,0,0,30,176,0,0,80,0,0,0,-2,0,0,0,-48
266787,620,16,0,0,30,176,0,0,80,0,0,0,4,0,0,0,-48
55835,620,16,0,0,30,176,0,0,80,0,0,0,3,0,0,0,-48
146694,620,16,0,0,30,176,0,0,80,0,0,0,4,0,0,0,-48
37303,620,16,0,0,30,176,0,0,80,0,0,0,4,0,0,0,-64
155617,620,16,0,0,30,176,0,0,80,0,0,0,-3,0,0,0,-48
117068,620,16,0,0,30,176,0,0,80,0,0,0,-1,0,0,0,-48
54675,620,16,0,0,30,176,0,0,80,0,0,0,4,0,0,0,-48
94145,620,16,0,0,30,176,0,0,80,0,0,0,-3,0,0,0,-48
55956,620,16,0,0,30,176,0,0,80,0,0,0,-1,0,0,0,-48
116006,620,16,0,0,30,176,0,0,80,0,0,0,-1,0,0,0,-48
248034,620,16,0,0,30,176,0,0,80,0,0,0,-1,0,0,0,-48
171835,620,16,0,0,30,176,0,0,80,0,0,0,-1,0,0,0,-48
154656,620,16,0,0,30,176,0,0,80,0,0,0,4,0,0,0,-48
133769,620,16,0,0,30,176,0,0,80,0,0,0,-3,0,0,0,-48
48440,620,16,0,0,30,176,0,0,80,0,0,0,4,0,0,0,-48
276220,620,16,0,0,30,176,0,0,80,0,0,0,-5,0,0,0,-48
173910,620,16,0,0,30,176,0,0,80,0,0,0,4,0,0,0,-48
100515,620,16,0,0,30,176,0,0,80,0,0,0,-3,0,0,0,-48
121897,620,16,0,0,30,176,0,0,80,0,0,0,-1,0,0,0,-48
140609,620,16,0,0,30,176,0,0,80,0,0,0,1,0,0,0,-48
67298,620,16,0,0,30,176,0,0,80,0,0,0,-1,0,0,0,-48
130821,620,16,0,0,30,176,0,0,80,0,0,0,4,0,0,0,-48
257345,620,16,0,0,30,176,0,0,80,0,0,0,4,0,0,0,-48
143630,620,16,0,0,30,176,0,0,80,0,0,0,4,0,0,0,-48
291705,620,16,0,0,30,176,0,0,80,0,0,0,4,0,0,0,-48
292983,620,16,0,0,30,176,0,0,80,0,0,0,1,0,0,0,-48
66983,620,16,0,0,30,176,0,0,80,0,0,0,4,0,0,0,-48
297477,620,16,0,0,30,176,0,0,80,0,0,0,-1,0,0,0,-48
177472,620,16,0,0,30,176,0,0,80,0,0,0,2,0,0,0,-48
225957,620,16,0,0,30,176,0,0,80,0,0,0,-2,0,0,0,-48
47181,620,16,0,0,30,176,0,0,80,0,0,0,0,0,0,0,-48
8849,620,16,0,0,30,176,0,0,80,0,0,0,4,0,0,0,-48
257716,620,16,0,0,30,176,0,0,80,0,0,0,-1,0,0,0,-48
189512,620,16,0,0,30,176,0,0,80,0,0,0,4,0,0,0,-48
239440,620,16,0,0,30,176,0,0,80,0,0,0,2,0,0,0,-48
166138,620,16,0,0,30,176,0,0,80,0,0,0,2,0,0,0,-48
259247,620,16,0,0,30,176,0,0,80,0,0,0,4,0,0,0,-48
179100,620,16,0,0,30,176,0,0,80,0,0,0,-1,0,0,0,-48
123338,620,16,0,0,30,176,0,0,80,0,0,0,-1,0,0,0,-48
208016,620,16,0,0,30,176,0,0,80,0,0,0,4,0,0,0,-48
199028,620,16,0,0,30,176,0,0,80,0,0,0,4,0,0,0,-64
288031,620,16,0,0,30,176,0,0,80,0,0,0,0,0,0,0,-48
127911,620,16,0,0,30,176,0,0,80,0,0,0,-1,0,0,0,-48
187740,620,16,0,0,30,176,0,0,80,0,0,0,4,0,0,0,-64
117659,620,16,0,0,30,176,0,0,80,0,0,0,-1,0,0,0,-48
27835,620,16,0,0,30,176,0,0,80,0,0,0,-1,0,0,0,-48
302341,620,16,0,0,30,176,0,0,80,0,0,0,-2,0,0,0,-48
211690,620,16,0,0,30,176,0,0,80,0,0,0,-1,0,0,0,-48
131698,620,16,0,0,30,176,0,0,80,0,0,0,3,0,0,0,-48
191206,620,16,0,0,30,176,0,0,80,0,0,0,4,0,0,0,-48
130118,620,16,0,0,30,176,0,0,80,0,0,0,-2,0,0,0,-48
159693,620,16,0,0,30,176,0,0,80,0,0,0,-2,0,0,0,-48
202629,620,16,0,0,30,176,0,0,80,0,0,0,-1,0,0,0,-48
264786,620,16,0,0,30,176,0,0,80,0,0,0,-1,0,0,0,-48
210344,620,16,0,0,30,176,0,0,80,0,0,0,1,0,0,0,-48
17536,620,16,0,0,30,176,0,0,80,0,0,0,4,0,0,0,-48
290938,620,16,0,0,30,176,0,0,80,0,0,0,4,0,0,0,-48
30515,620,16,0,0,30,176,0,0,80,0,0,0,1,0,0,0,-48
23883,620,16,0,0,30,176,0,0,80,0,0,0,-1,0,0,0,-48
53438,620,16,0,0,30,176,0,0,80,0,0,0,-2,0,0,0,-48
57284,620,16,0,0,30,176,0,0,80,0,0,0,-1,0,0,0,-48
180263,620,16,0,0,30,176,0,0,80,0,0,0,2,0,0,0,-48
92132,620,16,0,0,30,176,0,0,80,0,0,0,0,0,0,0,-48
157089,620,16,0,0,30,176,0,0,80,0,0,0,-1,0,0,0,-48
207420,620,16,0,0,30,176,0,0,80,0,0,0,0,0,0,0,-48
4374,620,16,0,0,30,176,0,0,80,0,0,0,-9,0,0,0,-48
283283,620,16,0,0,30,176,0,0,80,0,0,0,-1,0,0,0,-48
130431,620,16,0,0,30,176,0,0,80,0,0,0,4,0,0,0,-48
157489,620,16,0,0,30,176,0,0,80,0,0,0,4,0,0,0,-64
206610,620,16,0,0,30,176,0,0,80,0,0,0,-2,0,0,0,-48
38872,620,16,0,0,30,176,0,0,80,0,0,0,4,0,0,0,-48
58505,620,16,0,0,30,176,0,0,80,0,0,0,-1,0,0,0,-48
260858,620,16,0,0,30,176,0,0,80,0,0,0,-1,0,0,0,-48
71062,620,16,0,0,30,176,0,0,80,0,0,0,4,0,0,0,-48
280266,620,16,0,0,30,176,0,0,80,0,0,0,4,0,0,0,-48
40388,620,16,0,0,30,176,0,0,80,0,0,0,3,0,0,0,-48
266946,620,16,0,0,30,176,0,0,80,0,0,0,-1,0,0,0,-48
260431,620,16,0,0,30,176,0,0,80,0,0,0,1,0,0,0,-48
10572,620,16,0,0,30,176,0,0,80,0,0,0,4,0,0,0,-48
47460,620,16,0,0,30,176,0,0,80,0,0,0,-4,0,0,0,-48
72519,620,16,0,0,30,176,0,0,80,0,0,0,2,0,0,0,-48
216856,620,16,0,0,30,176,0,0,80,0,0,0,-2,0,0,0,-48
87395,620,16,0,0,30,176,0,0,80,0,0,0,4,0,0,0,-48
162864,620,16,0,0,30,176,0,0,80,0,0,0,4,0,0,0,-48
80011,620,16,0,0,30,176,0,0,80,0,0,0,4,0,0,0,-48
279301,620,16,0,0,30,176,0,0,80,0,0,0,-5,0,0,0,-48
8027,620,16,0,0,30,176,0,0,80,0,0,0,4,0,0,0,-48
147658,620,16,0,0,30,176,0,0,80,0,0,0,0,0,0,0,-48
281044,620,16,0,0,30,176,0,0,80,0,0,0,-8,0,0,0,-48
77190,620,16,0,0,30,176,0,0,80,0,0,0,4,0,0,0,-48
217898,620,16,0,0,30,176,0,0,80,0,0,0,-1,0,0,0,-48
145532,620,16,0,0,30,176,0,0,80,0,0,0,3,0,0,0,-48
13675,620,16,0,0,30,176,0,0,80,0,0,0,-3,0,0,0,-48
217530,620,16,0,0,30,176,0,0,80,0,0,0,-3,0,0,0,-48
189718,620,16,0,0,30,176,0,0,80,0,0,0,-2,0,0,0,-48
219994,620,16,0,0,30,176,0,0,80,0,0,0,-3,0,0,0,-48
138728,620,16,0,0,30,176,0,0,80,0,0,0,0,0,0,0,-48
186264,620,16,0,0,30,176,0,0,80,0,0,0,4,0,0,0,-48
229878,620,16,0,0,30,176,0,0,80,0,0,0,-1,0,0,0,-48
9709,620,16,0,0,30,176,0,0,80,0,0,0,-2,0,0,0,-48
173447,620,16,0,0,30,176,0,0,80,0,0,0,0,0,0,0,-48
53562,620,16,0,0,30,176,0,0,80,0,0,0,4,0,0,0,-48
229616,620,16,0,0,30,176,0,0,80,0,0,0,4,0,0,0,-48
217428,620,16,0,0,30,176,0,0,80,0,0,0,-2,0,0,0,-48
126761,620,16,0,0,30,176,0,0,80,0,0,0,4,0,0,0,-48
229551,620,16,0,0,30,176,0,0,80,0,0,0,3,0,0,0,-48
114418,620,16,0,0,30,176,0,0,80,0,0,0,-1,0,0,0,-48
187904,620,16,0,0,30,176,0,0,80,0,0,0,4,0,0,0,-48
56879,620,16,0,0,30,176,0,0,80,0,0,0,4,0,0,0,-48
228575,620,16,0,0,30,176,0,0,80,0,0,0,0,0,0,0,-48
96845,620,16,0,0,30,176,0,0,80,0,0,0,3,0,0,0,-48
113159,620,16,0,0,30,176,0,0,80,0,0,0,4,0,0,0,-48
210835,620,16,0,0,30,176,0,0,80,0,0,0,-3,0,0,0,-48
118195,620,16,0,0,30,176,0,0,80,0,0,0,-1,0,0,0,-48
48589,620,16,0,0,30,176,0,0,80,0,0,0,-1,0,0,0,-48
210079,620,16,0,0,30,176,0,0,80,0,0,0,0,0,0,0,-48
269181,620,16,0,0,30,176,0,0,80,0,0,0,0,0,0,0,-48
108233,620,16,0,0,30,176,0,0,80,0,0,0,4,0,0,0,-48
270265,620,16,0,0,30,176,0,0,80,0,0,0,3,0,0,0,-48
274401,620,16,0,0,30,176,0,0,80,0,0,0,-8,0,0,0,-48
53315,620,16,0,0,30,176,0,0,80,0,0,0,-1,0,0,0,-48
28017,620,16,0,0,30,176,0,0,80,0,0,0,-1,0,0,0,-48
2057,620,16,0,0,30,176,0,0,80,0,0,0,0,0,0,0,-48
176302,620,16,0,0,30,176,0,0,80,0,0,0,-1,0,0,0,-48
31007,620,16,0,0,30,176,0,0,80,0,0,0,0,0,0,0,-48
10339,620,16,0,0,30,176,0,0,80,0,0,0,4,0,0,0,-48
237429,620,16,0,0,30,176,0,0,80,0,0,0,-1,0,0,0,-48
243484,620,16,0,0,30,176,0,0,80,0,0,0,-2,0,0,0,-48
310319,620,16,0,0,30,176,0,0,80,0,0,0,-3,0,0,0,-48
118399,620,16,0,0,30,176,0,0,80,0,0,0,-1,0,0,0,-48
133445,620,16,0,0,30,176,0,0,80,0,0,0,4,0,0,0,-48
61472,620,16,0,0,30,176,0,0,80,0,0,0,4,0,0,0,-48
22475,620,16,0,0,30,176,0,0,80,0,0,0,3,0,0,0,-48
279020,620,16,0,0,30,176,0,0,80,0,0,0,-4,0,0,0,-48
96482,620,16,0,0,30,176,0,0,80,0,0,0,-2,0,0,0,-48
181383,620,16,0,0,30,176,0,0,80,0,0,0,0,0,0,0,-48
208255,620,16,0,0,30,176,0,0,80,0,0,0,4,0,0,0,-48
99392,620,16,0,0,30,176,0,0,80,0,0,0,-3,0,0,0,-48
71921,620,16,0,0,30,176,0,0,80,0,0,0,-2,0,0,0,-48
246353,620,16,0,0,30,176,0,0,80,0,0,0,-3,0,0,0,-48
9305,620,16,0,0,30,176,0,0,80,0,0,0,-3,0,0,0,-48
124579,620,16,0,0,30,176,0,0,80,0,0,0,-12,0,0,0,-48
250354,620,16,0,0,30,176,0,0,80,0,0,0,0,0,0,0,-48
280042,620,16,0,0,30,176,0,0,80,0,0,0,-3,0,0,0,-48
30174,620,16,0,0,30,176,0,0,80,0,0,0,4,0,0,0,-48
55162,620,16,0,0,30,176,0,0,80,0,0,0,-1,0,0,0,-48
14958,620,16,0,0,30,176,0,0,80,0,0,0,-1,0,0,0,-48
77462,620,16,0,0,30,176,0,0,80,0,0,0,4,0,0,0,-48
266921,620,16,0,0,30,176,0,0,80,0,0,0,-1,0,0,0,-48
148226,620,16,0,0,30,176,0,0,80,0,0,0,4,0,0,0,-48
196750,620,16,0,0,30,176,0,0,80,0,0,0,3,0,0,0,-48
112838,620,16,0,0,30,176,0,0,80,0,0,0,-1,0,0,0,-48
254855,620,16,0,0,30,176,0,0,80,0,0,0,3,0,0,0,-48
191428,620,16,0,0,30,176,0,0,80,0,0,0,0,0,0,0,-48
257913,620,16,0,0,30,176,0,0,80,0,0,0,-3,0,0,0,-48
169136,620,16,0,0,30,176,0,0,80,0,0,0,-2,0,0,0,-48
163721,620,16,0,0,30,176,0,0,80,0,0,0,4,0,0,0,-48
114518,620,16,0,0,30,176,0,0,80,0,0,0,4,0,0,0,-48
68407,620,16,0,0,30,176,0,0,80,0,0,0,4,0,0,0,-64
133364,620,16,0,0,30,176,0,0,80,0,0,0,-3,0,0,0,-48
296555,620,16,0,0,30,176,0,0,80,0,0,0,4,0,0,0,-48
84048,620,16,0,0,30,176,0,0,80,0,0,0,-1,0,0,0,-48
177994,620,16,0,0,30,176,0,0,80,0,0,0,4,0,0,0,-48
67242,620,16,0,0,30,176,0,0,80,0,0,0,-3,0,0,0,-48
162173,620,16,0,0,30,176,0,0,80,0,0,0,4,0,0,0,-48
32917,620,16,0,0,30,176,0,0,80,0,0,0,4,0,0,0,-48
242521,620,16,0,0,30,176,0,0,80,0,0,0,0,0,0,0,-48
241177,620,16,0,0,30,176,0,0,80,0,0,0,0,0,0,0,-48
308030,620,16,0,0,30,176,0,0,80,0,0,0,-1,0,0,0,-48
150832,620,16,0,0,30,176,0,0,80,0,0,0,1,0,0,0,-48
251219,620,16,0,0,30,176,0,0,80,0,0,0,4,0,0,0,-48
133621,620,16,0,0,30,176,0,0,80,0,0,0,-1,0,0,0,-48
178249,620,16,0,0,30,176,0,0,80,0,0,0,-2,0,0,0,-48
406,620,16,0,0,30,176,0,0,80,0,0,0,4,0,0,0,-48
84446,620,16,0,0,30,176,0,0,80,0,0,0,-1,0,0,0,-48
57019,620,16,0,0,30,176,0,0,80,0,0,0,-1,0,0,0,-48
119199,620,16,0,0,30,176,0,0,80,0,0,0,-1,0,0,0,-48
42872,620,16,0,0,30,176,0,0,80,0,0,0,4,0,0,0,-48
84210,620,16,0,0,30,176,0,0,80,0,0,0,4,0,0,0,-48
299208,620,16,0,0,30,176,0,0,80,0,0,0,0,0,0,0,-48
127502,620,16,0,0,30,176,0,0,80,0,0,0,-2,0,0,0,-48
232407,620,16,0,0,30,176,0,0,80,0,0,0,-1,0,0,0,-48
235571,620,16,0,0,30,176,0,0,80,0,0,0,-1,0,0,0,-48
1354,620,16,0,0,30,176,0,0,80,0,0,0,-1,0,0,0,-48
104687,620,16,0,0,30,176,0,0,80,0,0,0,4,0,0,0,-48
78940,620,16,0,0,30,176,0,0,80,0,0,0,4,0,0,0,-48
267172,620,16,0,0,30,176,0,0,80,0,0,0,-2,0,0,0,-48
2074,620,16,0,0,30,176,0,0,80,0,0,0,4,0,0,0,-48
71653,620,16,0,0,30,176,0,0,80,0,0,0,-3,0,0,0,-48
131703,620,16,0,0,30,176,0,0,80,0,0,0,-3,0,0,0,-48
259594,620,16,0,0,30,176,0,0,80,0,0,0,3,0,0,0,-48
205927,620,16,0,0,30,176,0,0,80,0,0,0,3,0,0,0,-48
26466,620,16,0,0,30,176,0,0,80,0,0,0,-2,0,0,0,-48
231345,620,16,0,0,30,176,0,0,80,0,0,0,-2,0,0,0,-48
268255,620,16,0,0,30,176,0,0,80,0,0,0,-2,0,0,0,-48
24655,620,16,0,0,30,176,0,0,80,0,0,0,-1,0,0,0,-48
214137,620,16,0,0,30,176,0,0,80,0,0,0,-5,0,0,0,-48
65547,620,16,0,0,30,176,0,0,80,0,0,0,-2,0,0,0,-48
120005,620,16,0,0,30,176,0,0,80,0,0,0,0,0,0,0,-48
95996,620,16,0,0,30,176,0,0,80,0,0,0,-3,0,0,0,-48
187981,620,16,0,0,30,176,0,0,80,0,0,0,-1,0,0,0,-48
26450,620,16,0,0,30,176,0,0,80,0,0,0,0,0,0,0,-48
256800,620,16,0,0,30,176,0,0,80,0,0,0,3,0,0,0,-48
61726,620,16,0,0,30,176,0,0,80,0,0,0,4,0,0,0,-48
78630,620,16,0,0,30,176,0,0,80,0,0,0,-1,0,0,0,-48
62132,620,16,0,0,30,176,0,0,80,0,0,0,-1,0,0,0,-48
155363,620,16,0,0,30,176,0,0,80,0,0,0,-2,0,0,0,-48
139821,620,16,0,0,30,176,0,0,80,0,0,0,4,0,0,0,-48
125001,620,16,0,0,30,176,0,0,80,0,0,0,-1,0,0,0,-48
282858,620,16,0,0,30,176,0,0,80,0,0,0,-2,0,0,0,-48
144706,620,16,0,0,30,176,0,0,80,0,0,0,-1,0,0,0,-48
139475,620,16,0,0,30,176,0,0,80,0,0,0,4,0,0,0,-64
26091,620,16,0,0,30,176,0,0,80,0,0,0,4,0,0,0,-48
117348,620,16,0,0,30,176,0,0,80,0,0,0,1,0,0,0,-48
79441,620,16,0,0,30,176,0,0,80,0,0,0,3,0,0,0,-48
99913,620,16,0,0,30,176,0,0,80,0,0,0,3,0,0,0,-48
92768,620,16,0,0,30,176,0,0,80,0,0,0,4,0,0,0,-48
64425,620,16,0,0,30,176,0,0,80,0,0,0,-4,0,0,0,-48
299885,620,16,0,0,30,176,0,0,80,0,0,0,0,0,0,0,-48
248233,620,16,0,0,30,176,0,0,80,0,0,0,-3,0,0,0,-48
281829,620,16,0,0,30,176,0,0,80,0,0,0,1,0,0,0,-48
183067,620,16,0,0,30,176,0,0,80,0,0,0,0,0,0,0,-48
271465,620,16,0,0,30,176,0,0,80,0,0,0,-1,0,0,0,-48
290266,620,16,0,0,30,176,0,0,80,0,0,0,-1,0,0,0,-48
205719,620,16,0,0,30,176,0,0,80,0,0,0,4,0,0,0,-48
12646,620,16,0,0,30,176,0,0,80,0,0,0,-2,0,0,0,-48
273894,620,16,0,0,30,176,0,0,80,0,0,0,2,0,0,0,-48
47678,620,16,0,0,30,176,0,0,80,0,0,0,0,0,0,0,-48
106720,620,16,0,0,30,176,0,0,80,0,0,0,4,0,0,0,-48
69638,620,16,0,0,30,176,0,0,80,0,0,0,4,0,0,0,-48
37891,620,16,0,0,30,176,0,0,80,0,0,0,4,0,0,0,-64
251479,620,16,0,0,30,176,0,0,80,0,0,0,-2,0,0,0,-48
174244,620,16,0,0,30,176,0,0,80,0,0,0,0,0,0,0,-48
280817,620,16,0,0,30,176,0,0,80,0,0,0,-1,0,0,0,-48
222652,620,16,0,0,30,176,0,0,80,0,0,0,3,0,0,0,-48
179515,620,16,0,0,30,176,0,0,80,0,0,0,-1,0,0,0,-48
152560,620,16,0,0,30,176,0,0,80,0,0,0,4,0,0,0,-48
7012,620,16,0,0,30,176,0,0,80,0,0,0,1,0,0,0,-48
235306,620,16,0,0,30,176,0,0,80,0,0,0,-1,0,0,0,-48
24346,620,16,0,0,30,176,0,0,80,0,0,0,-1,0,0,0,-48
127642,620,16,0,0,30,176,0,0,80,0,0,0,-2,0,0,0,-48
213678,620,16,0,0,30,176,0,0,80,0,0,0,-2,0,0,0,-48
175185,620,16,0,0,30,176,0,0,80,0,0,0,4,0,0,0,-48
261646,620,16,0,0,30,176,0,0,80,0,0,0,-2,0,0,0,-48
38384,620,16,0,0,30,176,0,0,80,0,0,0,4,0,0,0,-64
5757,620,16,0,0,30,176,0,0,80,0,0,0,-2,0,0,0,-48
266020,620,16,0,0,30,176,0,0,80,0,0,0,4,0,0,0,-48
281554,620,16,0,0,30,176,0,0,80,0,0,0,-5,0,0,0,-48
161141,620,16,0,0,30,176,0,0,80,0,0,0,4,0,0,0,-48
99928,620,16,0,0,30,176,0,0,80,0,0,0,-1,0,0,0,-48
201075,620,16,0,0,30,176,0,0,80,0,0,0,4,0,0,0,-48
59432,620,16,0,0,30,176,0,0,80,0,0,0,4,0,0,0,-48
187115,620,16,0,0,30,176,0,0,80,0,0,0,-1,0,0,0,-48
16364,620,16,0,0,30,176,0,0,80,0,0,0,2,0,0,0,-48
35354,620,16,0,0,30,176,0,0,80,0,0,0,4,0,0,0,-48
240004,620,16,0,0,30,176,0,0,80,0,0,0,-1,0,0,0,-48
94988,620,16,0,0,30,176,0,0,80,0,0,0,-3,0,0,0,-48
222521,620,16,0,0,30,176,0,0,80,0,0,0,4,0,0,0,-48
167139,620,16,0,0,30,176,0,0,80,0,0,0,0,0,0,0,-48
70885,620,16,0,0,30,176,0,0,80,0,0,0,-8,0,0,0,-48
281229,620,16,0,0,30,176,0,0,80,0,0,0,4,0,0,0,-48
274893,620,16,0,0,30,176,0,0,80,0,0,0,-3,0,0,0,-48
118969,620,16,0,0,30,176,0,0,80,0,0,0,4,0,0,0,-48
186537,620,16,0,0,30,176,0,0,80,0,0,0,4,0,0,0,-48
283772,620,16,0,0,30,176,0,0,80,0,0,0,4,0,0,0,-48
197931,620,16,0,0,30,176,0,0,80,0,0,0,-2,0,0,0,-48
136981,620,16,0,0,30,176,0,0,80,0,0,0,4,0,0,0,-48
175787,620,16,0,0,30,176,0,0,80,0,0,0,-1,0,0,0,-48
64998,620,16,0,0,30,176,0,0,80,0,0,0,-3,0,0,0,-48
21495,620,16,0,0,30,176,0,0,80,0,0,0,4,0,0,0,-48
86295,620,16,0,0,30,176,0,0,80,0,0,0,-1,0,0,0,-48
42618,620,16,0,0,30,176,0,0,80,0,0,0,4,0,0,0,-48
279798,620,16,0,0,30,176,0,0,80,0,0,0,-2,0,0,0,-48
145934,620,16,0,0,30,176,0,0,80,0,0,0,4,0,0,0,-48
238535,620,16,0,0,30,176,0,0,80,0,0,0,-1,0,0,0,-48
69314,620,16,0,0,30,176,0,0,80,0,0,0,3,0,0,0,-48
183381,620,16,0,0,30,176,0,0,80,0,0,0,-2,0,0,0,-48
252320,620,16,0,0,30,176,0,0,80,0,0,0,-2,0,0,0,-48
19390,620,16,0,0,30,176,0,0,80,0,0,0,2,0,0,0,-48
146808,620,16,0,0,30,176,0,0,80,0,0,0,0,0,0,0,-48
259256,620,16,0,0,30,176,0,0,80,0,0,0,-3,0,0,0,-48
188497,620,16,0,0,30,176,0,0,80,0,0,0,4,0,0,0,-64
21613,620,16,0,0,30,176,0,0,80,0,0,0,1,0,0,0,-48
254117,620,16,0,0,30,176,0,0,80,0,0,0,-1,0,0,0,-48
188983,620,16,0,0,30,176,0,0,80,0,0,0,4,0,0,0,-48
71157,620,16,0,0,30,176,0,0,80,0,0,0,-3,0,0,0,-48
184370,620,16,0,0,30,176,0,0,80,0,0,0,-6,0,0,0,-48
48329,620,16,0,0,30,176,0,0,80,0,0,0,-1,0,0,0,-48
139491,620,16,0,0,30,176,0,0,80,0,0,0,3,0,0,0,-48
43955,620,16,0,0,30,176,0,0,80,0,0,0,-2,0,0,0,-48
217780,620,16,0,0,30,176,0,0,80,0,0,0,4,0,0,0,-64
253738,620,16,0,0,30,176,0,0,80,0,0,0,4,0,0,0,-48
272225,620,16,0,0,30,176,0,0,80,0,0,0,-8,0,0,0,-48
26994,620,16,0,0,30,176,0,0,80,0,0,0,-1,0,0,0,-48
184367,620,16,0,0,30,176,0,0,80,0,0,0,3,0,0,0,-48
238550,620,16,0,0,30,176,0,0,80,0,0,0,4,0,0,0,-48
63563,620,16,0,0,30,176,0,0,80,0,0,0,-2,0,0,0,-48
96797,620,16,0,0,30,176,0,0,80,0,0,0,4,0,0,0,-64
5571,620,16,0,0,30,176,0,0,80,0,0,0,4,0,0,0,-48
305227,620,16,0,0,30,176,0,0,80,0,0,0,-6,0,0,0,-48
281545,620,16,0,0,30,176,0,0,80,0,0,0,4,0,0,0,-48
127803,620,16,0,0,30,176,0,0,80,0,0,0,4,0,0,0,-64
39998,620,16,0,0,30,176,0,0,80,0,0,0,-1,0,0,0,-48
201244,620,16,0,0,30,176,0,0,80,0,0,0,1,0,0,0,-48
103999,620,16,0,0,30,176,0,0,80,0,0,0,-1,0,0,0,-48
142609,620,16,0,0,30,176,0,0,80,0,0,0,4,0,0,0,-48
161454,620,16,0,0,30,176,0,0,80,0,0,0,-4,0,0,0,-48
89611,620,16,0,0,30,176,0,0,80,0,0,0,3,0,0,0,-48
265861,620,16,0,0,30,176,0,0,80,0,0,0,-1,0,0,0,-48
46653,620,16,0,0,30,176,0,0,80,0,0,0,4,0,0,0,-48
161706,620,16,0,0,30,176,0,0,80,0,0,0,-2,0,0,0,-48
32616,620,16,0,0,30,176,0,0,80,0,0,0,-1,0,0,0,-48
3262,620,16,0,0,30,176,0,0,80,0,0,0,4,0,0,0,-48
148504,620,16,0,0,30,176,0,0,80,0,0,0,-1,0,0,0,-48
102665,620,16,0,0,30,176,0,0,80,0,0,0,4,0,0,0,-48
155262,620,16,0,0,30,176,0,0,80,0,0,0,-3,0,0,0,-48
299877,620,16,0,0,30,176,0,0,80,0,0,0,2,0,0,0,-48
15761,620,16,0,0,30,176,0,0,80,0,0,0,1,0,0,0,-48
137536,620,16,0,0,30,176,0,0,80,0,0,0,-4,0,0,0,-48
167662,620,16,0,0,30,176,0,0,80,0,0,0,-1,0,0,0,-48
131114,620,16,0,0,30,176,0,0,80,0,0,0,4,0,0,0,-48
7982,620,16,0,0,30,176,0,0,80,0,0,0,-3,0,0,0,-48
135217,620,16,0,0,30,176,0,0,80,0,0,0,4,0,0,0,-48
105030,620,16,0,0,30,176,0,0,80,0,0,0,-1,0,0,0,-48
159761,620,16,0,0,30,176,0,0,80,0,0,0,4,0,0,0,-48
56007,620,16,0,0,30,176,0,0,80,0,0,0,-1,0,0,0,-48
154609,620,16,0,0,30,176,0,0,80,0,0,0,-1,0,0,0,-48
106794,620,16,0,0,30,176,0,0,80,0,0,0,-4,0,0,0,-48
174675,620,16,0,0,30,176,0,0,80,0,0,0,4,0,0,0,-48
187268,620,16,0,0,30,176,0,0,80,0,-128,0,4,0,0,0,-64
165241,620,16,0,0,30,176,0,0,80,0,0,0,4,0,0,0,-48
258581,620,16,0,0,30,176,0,0,80,0,0,0,4,0,0,0,-64
99752,620,16,0,0,30,176,0,0,80,0,0,0,3,0,0,0,-48
194079,620,16,0,0,30,176,0,0,80,0,0,0,-1,0,0,0,-48
151911,620,16,0,0,30,176,0,0,80,0,0,0,0,0,0,0,-48
78481,620,16,0,0,30,176,0,0,80,0,0,0,4,0,0,0,-48
280776,620,16,0,0,30,176,0,0,80,0,0,0,1,0,0,0,-48
46014,620,16,0,0,30,176,0,0,80,0,0,0,-1,0,0,0,-48
38836,620,16,0,0,30,176,0,0,80,0,0,0,-4,0,0,0,-48
202384,620,16,0,0,30,176,0,0,80,0,0,0,-1,0,0,0,-48
97613,620,16,0,0,30,176,0,0,80,0,0,0,-1,0,0,0,-48
272315,620,16,0,0,30,176,0,0,80,0,0,0,-2,0,0,0,-48
231845,620,16,0,0,30,176,0,0,80,0,0,0,4,0,0,0,-48
40020,620,16,0,0,30,176,0,0,80,0,0,0,3,0,0,0,-48
14188,620,16,0,0,30,176,0,0,80,0,0,0,-2,0,0,0,-48
191249,620,16,0,0,30,176,0,0,80,0,0,0,-3,0,0,0,-48
159128,620,16,0,0,30,176,0,0,80,0,0,0,-1,0,0,0,-48
76188,620,16,0,0,30,176,0,0,80,0,0,0,4,0,0,0,-48
60406,620,16,0,0,30,176,0,0,80,0,0,0,0,0,0,0,-48
288684,620,16,0,0,30,176,0,0,80,0,0,0,-1,0,0,0,-48
203689,620,16,0,0,30,176,0,0,80,0,0,0,4,0,0,0,-48
100139,620,16,0,0,30,176,0,0,80,0,0,0,-2,0,0,0,-48
285433,620,16,0,0,30,176,0,0,80,0,0,0,3,0,0,0,-48
131715,620,16,0,0,30,176,0,0,80,0,0,0,-2,0,0,0,-48
43628,620,16,0,0,30,176,0,0,80,0,0,0,4,0,0,0,-48
33702,620,16,0,0,30,176,0,0,80,0,0,0,0,0,0,0,-48
47438,620,16,0,0,30,176,0,0,80,0,0,0,4,0,0,0,-48
107740,620,16,0,0,30,176,0,0,80,0,0,0,4,0,0,0,-48
197553,620,16,0,0,30,176,0,0,80,0,0,0,4,0,0,0,-48
214647,620,16,0,0,30,176,0,0,80,0,0,0,-9,0,0,0,-48
206740,620,16,0,0,30,176,0,0,80,0,0,0,4,0,0,0,-48
232654,620,16,0,0,30,176,0,0,80,0,0,0,3,0,0,0,-48
21008,620,16,0,0,30,176,0,0,80,0,0,0,-3,0,0,0,-48
51218,620,16,0,0,30,176,0,0,80,0,0,0,-2,0,0,0,-48
166243,620,16,0,0,30,176,0,0,80,0,0,0,4,0,0,0,-48
118458,620,16,0,0,30,176,0,0,80,0,0,0,4,0,0,0,-48
188560,620,16,0,0,30,176,0,0,80,0,0,0,-2,0,0,0,-48
61073,620,16,0,0,30,176,0,0,80,0,0,0,-1,0,0,0,-48
203171,620,16,0,0,30,176,0,0,80,0,0,0,-1,0,0,0,-48
170528,620,16,0,0,30,176,0,0,80,0,0,0,-2,0,0,0,-48
