23531,1C4,0,0,0,0,0,0,0,205,0,0,0,0,0,0,0,0
23617,1C4,0,0,0,0,0,0,0,205,0,0,0,0,0,0,0,0
23536,1C4,0,0,0,0,0,0,0,205,0,0,0,0,0,0,0,0
23534,1C4,0,0,0,0,0,0,0,205,0,0,0,0,0,0,0,0
23504,1C4,0,0,0,0,0,0,0,205,0,0,0,0,0,0,0,0
23564,1C4,0,0,0,0,0,0,0,205,0,0,0,0,0,0,0,0
23566,1C4,0,0,0,0,0,0,0,205,0,0,0,0,0,0,0,0
23563,1C4,0,0,0,0,0,0,0,205,0,0,0,0,0,0,0,0
23535,1C4,0,0,0,0,0,0,0,205,0,0,0,0,0,0,0,0
23472,1C4,0,0,0,0,0,0,0,205,0,0,0,0,0,0,0,0
23535,1C4,0,0,0,0,0,0,0,205,0,0,0,0,0,0,0,0
23516,1C4,0,0,0,0,0,0,0,205,0,0,0,0,0,0,0,0
23654,1C4,0,0,0,0,0,0,0,205,0,0,0,0,0,0,0,0
23565,1C4,0,0,0,0,0,0,0,205,0,0,0,0,0,0,0,0
23539,1C4,0,0,0,0,0,0,0,205,0,0,0,0,0,0,0,0
23565,1C4,0,0,0,0,0,0,0,205,0,0,0,0,0,0,0,0
23372,1C4,0,0,0,0,0,0,0,205,0,0,0,0,0,0,0,0
23502,1C4,0,0,0,0,0,0,0,205,0,0,0,0,0,0,0,0
23476,1C4,0,0,0,0,0,0,0,205,0,0,0,0,0,0,0,0
23569,1C4,0,0,0,0,0,0,0,205,0,0,0,0,0,0,0,0
23563,1C4,0,0,0,0,0,0,0,205,0,0,0,0,0,0,0,0
23521,1C4,0,0,0,0,0,0,0,205,0,0,0,0,0,0,0,0
23538,1C4,0,0,0,0,0,0,0,205,0,0,0,0,0,0,0,0
23537,1C4,0,0,0,0,0,0,0,205,0,0,0,0,0,0,0,0
23535,1C4,0,0,0,0,0,0,0,205,0,0,0,0,0,0,0,0
23521,1C4,0,0,0,0,0,0,0,205,0,0,0,0,0,0,0,0
23536,1C4,0,0,0,0,0,0,0,205,0,0,0,0,0,0,0,0
23536,1C4,6,36,0,0,0,0,0,247,0,8,0,0,0,0,0,8
23530,1C4,6,101,0,0,0,0,0,56,0,-9,0,0,0,0,0,-9
23740,1C4,6,92,0,0,0,0,0,47,0,-1,0,0,0,0,0,-1
23612,1C4,6,109,0,0,0,0,0,64,0,-2,0,0,0,0,0,-2
23417,1C4,6,113,0,0,0,0,0,68,0,-2,0,0,0,0,0,-2
23564,1C4,6,108,0,0,0,0,0,63,0,1,0,0,0,0,0,1
23579,1C4,6,138,0,0,0,0,0,93,0,11,0,0,0,0,0,11
23536,1C4,6,118,0,0,0,0,0,73,0,0,0,0,0,0,0,0
23738,1C4,6,108,0,0,0,0,0,63,0,-6,0,0,0,0,0,-6
23563,1C4,6,134,0,0,0,0,0,89,0,0,0,0,0,0,0,0
23565,1C4,6,125,0,0,0,0,0,80,0,-6,0,0,0,0,0,-6
23536,1C4,6,132,0,0,0,0,0,87,0,-3,0,0,0,0,0,-3
23498,1C4,6,119,0,0,0,0,0,74,0,-3,0,0,0,0,0,-3
23539,1C4,6,126,0,0,0,0,0,81,0,-2,0,0,0,0,0,-2
23538,1C4,6,169,0,0,0,0,0,124,0,3,0,0,0,0,0,3
23725,1C4,6,175,0,0,0,0,0,130,0,-11,0,0,0,0,0,-11
23543,1C4,6,202,0,0,0,0,0,157,0,8,0,0,0,0,0,8
23540,1C4,6,205,0,0,0,0,0,160,0,2,0,0,0,0,0,2
23537,1C4,6,203,0,0,0,0,0,158,0,4,0,0,0,0,0,4
23569,1C4,6,191,0,0,0,0,0,146,0,-10,0,0,0,0,0,-10
23535,1C4,6,119,0,0,0,0,0,74,0,-4,0,0,0,0,0,-4
23560,1C4,6,112,0,0,0,0,0,67,0,5,0,0,0,0,0,5
23719,1C4,6,99,0,0,0,0,0,54,0,-1,0,0,0,0,0,-1
23534,1C4,6,114,0,0,0,0,0,69,0,1,0,0,0,0,0,1
23630,1C4,6,127,0,0,0,0,0,82,0,-3,0,0,0,0,0,-3
23562,1C4,6,122,0,0,0,0,0,77,0,-7,0,0,0,0,0,-7
23537,1C4,6,122,0,0,0,0,0,77,0,-5,0,0,0,0,0,-5
23526,1C4,6,138,0,0,0,0,0,93,0,-3,0,0,0,0,0,-3
23539,1C4,6,127,0,0,0,0,0,82,0,-5,0,0,0,0,0,-5
23540,1C4,6,121,0,0,0,0,0,76,0,6,0,0,0,0,0,6
23536,1C4,6,139,0,0,0,0,0,94,0,0,0,0,0,0,0,0
23567,1C4,6,126,0,0,0,0,0,81,0,-1,0,0,0,0,0,-1
23541,1C4,6,140,0,0,0,0,0,95,0,7,0,0,0,0,0,7
23412,1C4,6,127,0,0,0,0,0,82,0,2,0,0,0,0,0,2
23537,1C4,6,128,0,0,0,0,0,83,0,-4,0,0,0,0,0,-4
23949,1C4,6,137,0,0,0,0,0,92,0,9,0,0,0,0,0,9
23536,1C4,6,127,0,0,0,0,0,82,0,0,0,0,0,0,0,0
23534,1C4,6,132,0,0,0,0,0,87,0,5,0,0,0,0,0,5
23561,1C4,6,128,0,0,0,0,0,83,0,0,0,0,0,0,0,0
23536,1C4,6,126,0,0,0,0,0,81,0,0,0,0,0,0,0,0
23536,1C4,6,128,0,0,0,0,0,83,0,4,0,0,0,0,0,4
23484,1C4,6,134,0,0,0,0,0,89,0,4,0,0,0,0,0,4
23373,1C4,6,128,0,0,0,0,0,83,0,1,0,0,0,0,0,1
23750,1C4,6,125,0,0,0,0,0,80,0,-5,0,0,0,0,0,-5
23370,1C4,6,128,0,0,0,0,0,83,0,-2,0,0,0,0,0,-2
24332,1C4,6,132,0,0,0,0,0,87,0,-2,0,0,0,0,0,-2
23464,1C4,6,130,0,0,0,0,0,85,0,-1,0,0,0,0,0,-1
24298,1C4,6,129,0,0,0,0,0,84,0,-1,0,0,0,0,0,-1
23945,1C4,6,128,0,0,0,0,0,83,0,-3,0,0,0,0,0,-3
23574,1C4,6,128,0,0,0,0,0,83,0,-1,0,0,0,0,0,-1
23562,1C4,6,131,0,0,0,0,0,86,0,4,0,0,0,0,0,4
23569,1C4,6,126,0,0,0,0,0,81,0,-1,0,0,0,0,0,-1
23561,1C4,6,127,0,0,0,0,0,82,0,1,0,0,0,0,0,1
23560,1C4,6,132,0,0,0,0,0,87,0,6,0,0,0,0,0,6
23537,1C4,6,128,0,0,0,0,0,83,0,-3,0,0,0,0,0,-3
23540,1C4,6,127,0,0,0,0,0,82,0,-2,0,0,0,0,0,-2
23823,1C4,6,128,0,0,0,0,0,83,0,0,0,0,0,0,0,0
23535,1C4,6,130,0,0,0,0,0,85,0,2,0,0,0,0,0,2
23565,1C4,6,130,0,0,0,0,0,85,0,-1,0,0,0,0,0,-1
23534,1C4,6,128,0,0,0,0,0,83,0,1,0,0,0,0,0,1
23563,1C4,6,130,0,0,0,0,0,85,0,0,0,0,0,0,0,0
24075,1C4,6,134,0,0,0,0,0,89,0,2,0,0,0,0,0,2
23562,1C4,6,132,0,0,0,0,0,87,0,4,0,0,0,0,0,4
23537,1C4,6,135,0,0,0,0,0,90,0,0,0,0,0,0,0,0
23534,1C4,6,128,0,0,0,0,0,83,0,-3,0,0,0,0,0,-3
23562,1C4,6,121,0,0,0,0,0,76,0,-8,0,0,0,0,0,-8
23550,1C4,6,128,0,0,0,0,0,83,0,-4,0,0,0,0,0,-4
23562,1C4,6,132,0,0,0,0,0,87,0,5,0,0,0,0,0,5
23564,1C4,6,122,0,0,0,0,0,77,0,-8,0,0,0,0,0,-8
23564,1C4,6,119,0,0,0,0,0,74,0,0,0,0,0,0,0,0
23566,1C4,6,130,0,0,0,0,0,85,0,-5,0,0,0,0,0,-5
24106,1C4,6,130,0,0,0,0,0,85,0,0,0,0,0,0,0,0
23556,1C4,6,142,0,0,0,0,0,97,0,6,0,0,0,0,0,6
23526,1C4,7,16,0,0,0,0,0,228,0,6,0,0,0,0,0,6
23549,1C4,8,60,0,0,0,0,0,17,0,-4,0,0,0,0,0,-4
23535,1C4,8,162,0,0,0,0,0,119,0,5,0,0,0,0,0,5
23570,1C4,8,52,0,0,0,0,0,9,0,-26,0,0,0,0,0,-26
23561,1C4,8,23,0,0,0,0,0,236,0,5,0,0,0,0,0,5
23563,1C4,8,188,0,0,0,0,0,145,0,4,0,0,0,0,0,4
23320,1C4,8,184,0,0,0,0,0,141,0,-3,0,0,0,0,0,-3
23565,1C4,7,125,0,0,0,0,0,81,0,-15,0,0,0,0,0,-15
23536,1C4,7,121,0,0,0,0,0,77,0,0,0,0,0,0,0,0
23539,1C4,7,97,0,0,0,0,0,53,0,-2,0,0,0,0,0,-2
23530,1C4,7,178,0,0,0,0,0,134,0,22,0,0,0,0,0,22
23568,1C4,9,4,0,0,0,0,0,218,0,-8,0,0,0,0,0,-8
23600,1C4,9,3,0,0,0,0,0,217,0,-2,0,0,0,0,0,-2
23618,1C4,10,75,0,0,0,0,0,34,0,21,0,0,0,0,0,21
23582,1C4,10,19,0,0,0,0,0,234,0,-9,0,0,0,0,0,-9
23536,1C4,9,27,0,0,0,0,0,241,0,-19,0,0,0,0,0,237
23740,1C4,9,55,0,0,0,0,0,13,0,8,0,0,0,0,0,8
23811,1C4,9,32,0,0,0,0,0,246,0,-6,0,0,0,0,0,-6
23175,1C4,9,31,0,0,0,0,0,245,0,-3,0,0,0,0,0,-3
23539,1C4,9,24,0,0,0,0,0,238,0,-6,0,0,0,0,0,-6
23970,1C4,8,240,0,0,0,0,0,197,0,-8,0,0,0,0,0,-8
23566,1C4,6,177,0,0,0,0,0,132,0,-6,0,0,0,0,0,-6
23528,1C4,6,169,0,0,0,0,0,124,0,-2,0,0,0,0,0,-2
23562,1C4,10,74,0,0,0,0,0,33,0,12,0,0,0,0,0,12
23115,1C4,7,6,0,0,0,0,0,218,0,-7,0,0,0,0,0,-7
23405,1C4,6,172,0,0,0,0,0,127,0,-6,0,0,0,0,0,-6
23563,1C4,6,22,0,0,0,0,0,233,0,-1,0,0,0,0,0,-1
23500,1C4,5,242,0,0,0,0,0,196,0,-7,0,0,0,0,0,-7
23566,1C4,0,146,0,0,0,0,0,95,0,0,0,0,0,0,0,0
23536,1C4,0,0,0,0,0,0,0,205,0,0,0,0,0,0,0,0
23565,1C4,0,0,0,0,0,0,0,205,0,0,0,0,0,0,0,0
23721,1C4,0,0,0,0,0,0,0,205,0,0,0,0,0,0,0,0
23565,1C4,4,197,0,0,0,0,0,150,0,48,0,0,0,0,0,48
23537,1C4,7,237,0,0,0,0,0,193,0,23,0,0,0,0,0,23
23315,1C4,8,112,0,0,0,0,0,69,0,18,0,0,0,0,0,18
23565,1C4,8,129,0,0,0,0,0,86,0,17,0,0,0,0,0,17
23567,1C4,8,76,0,0,0,0,0,33,0,-8,0,0,0,0,0,-8
23523,1C4,8,68,0,0,0,0,0,25,0,-8,0,0,0,0,0,-8
23537,1C4,6,96,0,0,0,0,0,51,0,-16,0,0,0,0,0,-16
23566,1C4,5,131,0,0,0,0,0,85,0,-40,0,0,0,0,0,-40
23567,1C4,0,146,0,0,0,0,0,95,0,0,0,0,0,0,0,0
23543,1C4,0,0,0,0,0,0,0,205,0,0,0,0,0,0,0,0
23059,1C4,0,0,0,0,0,0,0,205,0,0,0,0,0,0,0,0
23535,1C4,0,0,0,0,0,0,0,205,0,0,0,0,0,0,0,0
23733,1C4,0,0,0,0,0,0,0,205,0,0,0,0,0,0,0,0
23535,1C4,0,0,0,0,0,0,0,205,0,0,0,0,0,0,0,0
23563,1C4,0,0,0,0,0,0,0,205,0,0,0,0,0,0,0,0
23537,1C4,0,0,0,0,0,0,0,205,0,0,0,0,0,0,0,0
23462,1C4,0,0,0,0,0,0,0,205,0,0,0,0,0,0,0,0
23451,1C4,0,0,0,0,0,0,0,205,0,0,0,0,0,0,0,0
23558,1C4,0,0,0,0,0,0,0,205,0,0,0,0,0,0,0,0
23563,1C4,0,0,0,0,0,0,0,205,0,0,0,0,0,0,0,0
24204,1C4,0,0,0,0,0,0,0,205,0,0,0,0,0,0,0,0
23542,1C4,5,13,0,0,0,0,0,223,1,-206,0,0,0,0,0,51
23563,1C4,5,132,0,0,0,0,0,86,0,38,0,0,0,0,0,38
23538,1C4,14,19,0,0,0,0,0,238,0,5,0,0,0,0,0,5
24387,1C4,14,136,0,0,0,0,0,99,0,2,0,0,0,0,0,2
23534,1C4,15,117,0,0,0,0,0,81,0,17,0,0,0,0,0,17
23535,1C4,10,60,0,0,0,0,0,19,0,-5,0,0,0,0,0,-5
23531,1C4,10,198,0,0,0,0,0,157,0,8,0,0,0,0,0,8
23583,1C4,9,203,0,0,0,0,0,161,0,1,0,0,0,0,0,1
23563,1C4,10,91,0,0,0,0,0,50,0,-18,0,0,0,0,0,-18
23538,1C4,7,234,0,0,0,0,0,190,0,-1,0,0,0,0,0,-1
23521,1C4,7,178,0,0,0,0,0,134,0,-6,0,0,0,0,0,-6
23535,1C4,9,76,0,0,0,0,0,34,0,4,0,0,0,0,0,4
23538,1C4,9,80,0,0,0,0,0,38,0,-1,0,0,0,0,0,-1
23539,1C4,9,103,0,0,0,0,0,61,0,9,0,0,0,0,0,9
23311,1C4,10,201,0,0,0,0,0,160,0,3,0,0,0,0,0,3
23500,1C4,10,171,0,0,0,0,0,130,0,1,0,0,0,0,0,1
23539,1C4,10,162,0,0,0,0,0,121,0,-5,0,0,0,0,0,-5
23753,1C4,10,132,0,0,0,0,0,91,0,-12,0,0,0,0,0,-12
23560,1C4,8,86,0,0,0,0,0,43,0,5,0,0,0,0,0,5
23520,1C4,8,243,0,0,0,0,0,200,0,6,0,0,0,0,0,6
23568,1C4,8,202,0,0,0,0,0,159,0,-7,0,0,0,0,0,-7
23534,1C4,8,203,0,0,0,0,0,160,0,0,0,0,0,0,0,0
23539,1C4,8,254,0,0,0,0,0,211,0,9,0,0,0,0,0,9
23535,1C4,7,206,0,0,0,0,0,162,0,-4,0,0,0,0,0,-4
23568,1C4,9,106,0,0,0,0,0,64,0,-8,0,0,0,0,0,-8
23537,1C4,10,237,0,0,0,0,0,196,0,-10,0,0,0,0,0,-10
23535,1C4,8,180,0,0,0,0,0,137,0,-38,0,0,0,0,0,-38
23734,1C4,7,246,0,0,0,0,0,202,0,-8,0,0,0,0,0,-8
23542,1C4,7,208,0,0,0,0,0,164,0,11,0,0,0,0,0,11
23037,1C4,9,38,0,0,0,0,0,252,0,-15,0,0,0,0,0,241
23537,1C4,9,62,0,0,0,0,0,20,0,2,0,0,0,0,0,2
23565,1C4,9,184,0,0,0,0,0,142,0,-1,0,0,0,0,0,-1
23568,1C4,7,254,0,0,0,0,0,210,0,11,0,0,0,0,0,11
23533,1C4,8,114,0,0,0,0,0,71,0,-4,0,0,0,0,0,-4
23673,1C4,8,118,0,0,0,0,0,75,0,-3,0,0,0,0,0,-3
23566,1C4,6,188,0,0,0,0,0,143,0,-2,0,0,0,0,0,-2
23537,1C4,6,169,0,0,0,0,0,124,0,-1,0,0,0,0,0,-1
23535,1C4,8,91,0,0,0,0,0,48,0,5,0,0,0,0,0,5
23595,1C4,8,113,0,0,0,0,0,70,0,8,0,0,0,0,0,8
23673,1C4,8,90,0,0,0,0,0,47,0,5,0,0,0,0,0,5
23519,1C4,8,124,0,0,0,0,0,81,0,2,0,0,0,0,0,2
23546,1C4,8,132,0,0,0,0,0,89,0,-13,0,0,0,0,0,-13
23696,1C4,8,176,0,0,0,0,0,133,0,-8,0,0,0,0,0,-8
23597,1C4,8,168,0,0,0,0,0,125,0,1,0,0,0,0,0,1
23568,1C4,8,170,0,0,0,0,0,127,0,5,0,0,0,0,0,5
23537,1C4,8,170,0,0,0,0,0,127,0,2,0,0,0,0,0,2
23228,1C4,8,182,0,0,0,0,0,139,0,6,0,0,0,0,0,6
23582,1C4,8,146,0,0,0,0,0,103,0,1,0,0,0,0,0,1
23530,1C4,9,55,0,0,0,0,0,13,0,13,0,0,0,0,0,13
23539,1C4,10,102,0,0,0,0,0,61,0,-1,0,0,0,0,0,-1
23564,1C4,10,89,0,0,0,0,0,48,0,-5,0,0,0,0,0,-5
23106,1C4,9,222,0,0,0,0,0,180,0,5,0,0,0,0,0,5
23562,1C4,8,226,0,0,0,0,0,183,0,-12,0,0,0,0,0,-12
23392,1C4,8,209,0,0,0,0,0,166,0,-9,0,0,0,0,0,-9
23536,1C4,8,221,0,0,0,0,0,178,0,6,0,0,0,0,0,6
23297,1C4,9,30,0,0,0,0,0,244,0,1,0,0,0,0,0,1
23530,1C4,9,109,0,0,0,0,0,67,0,3,0,0,0,0,0,3
23536,1C4,9,104,0,0,0,0,0,62,0,8,0,0,0,0,0,8
23531,1C4,9,114,0,0,0,0,0,72,0,2,0,0,0,0,0,2
23535,1C4,9,74,0,0,0,0,0,32,0,6,0,0,0,0,0,6
23504,1C4,9,78,0,0,0,0,0,36,0,-1,0,0,0,0,0,-1
23626,1C4,9,65,0,0,0,0,0,23,0,0,0,0,0,0,0,0
23566,1C4,7,241,0,0,0,0,0,197,0,-4,0,0,0,0,0,-4
23746,1C4,9,3,0,0,0,0,0,217,1,-247,0,0,0,0,0,10
23538,1C4,8,236,0,0,0,0,0,193,0,-4,0,0,0,0,0,-4
23563,1C4,8,242,0,0,0,0,0,199,0,12,0,0,0,0,0,12
23589,1C4,8,254,0,0,0,0,0,211,0,3,0,0,0,0,0,3
23602,1C4,9,8,0,0,0,0,0,222,0,3,0,0,0,0,0,3
23565,1C4,4,190,0,0,0,0,0,143,0,-55,0,0,0,0,0,-55
23694,1C4,0,0,0,0,0,0,0,205,0,0,0,0,0,0,0,0
23400,1C4,0,0,0,0,0,0,0,205,0,0,0,0,0,0,0,0
23521,1C4,0,0,0,0,0,0,0,205,0,0,0,0,0,0,0,0
23537,1C4,5,130,0,0,0,0,0,84,0,0,0,0,0,0,0,0
23534,1C4,9,219,0,0,0,0,0,177,0,17,0,0,0,0,0,17
23536,1C4,10,64,0,0,0,0,0,23,0,-1,0,0,0,0,0,-1
23536,1C4,10,64,0,0,0,0,0,23,0,4,0,0,0,0,0,4
23527,1C4,10,2,0,0,0,0,0,217,0,-8,0,0,0,0,0,-8
23569,1C4,10,10,0,0,0,0,0,225,0,-10,0,0,0,0,0,-10
23530,1C4,10,20,0,0,0,0,0,235,0,-6,0,0,0,0,0,-6
23564,1C4,10,31,0,0,0,0,0,246,0,9,0,0,0,0,0,9
23560,1C4,10,30,0,0,0,0,0,245,0,3,0,0,0,0,0,3
23533,1C4,10,31,0,0,0,0,0,246,0,3,0,0,0,0,0,3
23542,1C4,10,68,0,0,0,0,0,27,0,0,0,0,0,0,0,0
23564,1C4,10,48,0,0,0,0,0,7,0,0,0,0,0,0,0,0
23380,1C4,10,4,0,0,0,0,0,219,0,3,0,0,0,0,0,3
23567,1C4,10,23,0,0,0,0,0,238,0,3,0,0,0,0,0,3
23535,1C4,10,28,0,0,0,0,0,243,0,0,0,0,0,0,0,0
23637,1C4,10,47,0,0,0,0,0,6,0,-4,0,0,0,0,0,-4
23537,1C4,10,24,0,0,0,0,0,239,0,-2,0,0,0,0,0,-2
23535,1C4,10,65,0,0,0,0,0,24,0,-15,0,0,0,0,0,-15
23687,1C4,10,73,0,0,0,0,0,32,0,0,0,0,0,0,0,0
23566,1C4,10,41,0,0,0,0,0,0,0,-10,0,0,0,0,0,-10
23566,1C4,10,44,0,0,0,0,0,3,0,4,0,0,0,0,0,-252
23563,1C4,10,52,0,0,0,0,0,11,0,-2,0,0,0,0,0,-2
23793,1C4,10,43,0,0,0,0,0,2,0,-9,0,0,0,0,0,-9
23568,1C4,9,251,0,0,0,0,0,209,0,-3,0,0,0,0,0,-3
23562,1C4,8,246,0,0,0,0,0,203,0,4,0,0,0,0,0,4
23552,1C4,9,31,0,0,0,0,0,245,0,-4,0,0,0,0,0,-4
23532,1C4,9,46,0,0,0,0,0,4,0,4,0,0,0,0,0,4
23572,1C4,8,52,0,0,0,0,0,9,0,-25,0,0,0,0,0,-25
23537,1C4,7,235,0,0,0,0,0,191,-1,235,0,0,0,0,0,-22
23005,1C4,7,218,0,0,0,0,0,174,0,12,0,0,0,0,0,12
23571,1C4,9,1,0,0,0,0,0,215,0,-8,0,0,0,0,0,-8
23632,1C4,8,205,0,0,0,0,0,162,0,5,0,0,0,0,0,5
23565,1C4,8,188,0,0,0,0,0,145,0,-12,0,0,0,0,0,-12
23796,1C4,8,212,0,0,0,0,0,169,0,13,0,0,0,0,0,13
23540,1C4,8,191,0,0,0,0,0,148,0,12,0,0,0,0,0,12
23358,1C4,9,172,0,0,0,0,0,130,0,-16,0,0,0,0,0,-16
23540,1C4,9,131,0,0,0,0,0,89,0,10,0,0,0,0,0,10
24299,1C4,9,139,0,0,0,0,0,97,0,-5,0,0,0,0,0,-5
23260,1C4,9,143,0,0,0,0,0,101,0,2,0,0,0,0,0,2
23535,1C4,9,181,0,0,0,0,0,139,0,-4,0,0,0,0,0,-4
23567,1C4,9,171,0,0,0,0,0,129,0,5,0,0,0,0,0,5
23338,1C4,9,172,0,0,0,0,0,130,0,4,0,0,0,0,0,4
23550,1C4,9,151,0,0,0,0,0,109,0,-17,0,0,0,0,0,-17
23538,1C4,9,168,0,0,0,0,0,126,0,17,0,0,0,0,0,17
23148,1C4,7,110,0,0,0,0,0,66,0,-13,0,0,0,0,0,-13
23533,1C4,6,66,0,0,0,0,0,21,0,6,0,0,0,0,0,6
23561,1C4,6,183,0,0,0,0,0,138,0,6,0,0,0,0,0,6
23537,1C4,5,94,0,0,0,0,0,48,0,12,0,0,0,0,0,12
23563,1C4,4,168,0,0,0,0,0,121,0,0,0,0,0,0,0,0
23538,1C4,4,252,0,0,0,0,0,205,0,24,0,0,0,0,0,24
23557,1C4,5,4,0,0,0,0,0,214,0,3,0,0,0,0,0,3
23387,1C4,4,253,0,0,0,0,0,206,0,1,0,0,0,0,0,1
23567,1C4,5,6,0,0,0,0,0,216,0,-2,0,0,0,0,0,-2
23569,1C4,5,7,0,0,0,0,0,217,0,5,0,0,0,0,0,5
23564,1C4,5,13,0,0,0,0,0,223,0,0,0,0,0,0,0,0
23537,1C4,5,7,0,0,0,0,0,217,0,1,0,0,0,0,0,1
23510,1C4,5,2,0,0,0,0,0,212,0,-1,0,0,0,0,0,-1
23540,1C4,5,7,0,0,0,0,0,217,0,-1,0,0,0,0,0,-1
23779,1C4,5,0,0,0,0,0,0,210,0,-3,0,0,0,0,0,-3
23567,1C4,5,1,0,0,0,0,0,211,0,1,0,0,0,0,0,1
23566,1C4,5,5,0,0,0,0,0,215,0,-1,0,0,0,0,0,-1
23569,1C4,3,55,0,0,0,0,0,7,0,-64,0,0,0,0,0,-64
23538,1C4,1,66,0,0,0,0,0,16,0,0,0,0,0,0,0,0
23537,1C4,0,0,0,0,0,0,0,205,0,0,0,0,0,0,0,0
24195,1C4,0,0,0,0,0,0,0,205,0,0,0,0,0,0,0,0
23855,1C4,0,0,0,0,0,0,0,205,0,0,0,0,0,0,0,0
23118,1C4,0,0,0,0,0,0,0,205,0,0,0,0,0,0,0,0
23566,1C4,0,0,0,0,0,0,0,205,0,0,0,0,0,0,0,0
23565,1C4,0,0,0,0,0,0,0,205,0,0,0,0,0,0,0,0
23763,1C4,5,149,0,0,0,0,0,103,0,71,0,0,0,0,0,71
23735,1C4,7,16,0,0,0,0,0,228,0,-1,0,0,0,0,0,-1
23472,1C4,7,17,0,0,0,0,0,229,0,1,0,0,0,0,0,1
23567,1C4,7,1,0,0,0,0,0,213,0,1,0,0,0,0,0,1
23539,1C4,5,46,0,0,0,0,0,0,0,22,0,0,0,0,0,-234
23539,1C4,4,33,0,0,0,0,0,242,0,-76,0,0,0,0,0,180
23570,1C4,3,130,0,0,0,0,0,82,0,-52,0,0,0,0,0,-52
23536,1C4,0,0,0,0,0,0,0,205,0,0,0,0,0,0,0,0
23461,1C4,0,0,0,0,0,0,0,205,0,0,0,0,0,0,0,0
23562,1C4,9,58,0,0,0,0,0,16,0,10,0,0,0,0,0,10
23541,1C4,9,138,0,0,0,0,0,96,0,2,0,0,0,0,0,2
23536,1C4,9,165,0,0,0,0,0,123,0,2,0,0,0,0,0,2
23777,1C4,10,127,0,0,0,0,0,86,0,13,0,0,0,0,0,13
23552,1C4,11,46,0,0,0,0,0,6,0,10,0,0,0,0,0,-246
23535,1C4,11,112,0,0,0,0,0,72,0,5,0,0,0,0,0,5
23572,1C4,12,166,0,0,0,0,0,127,0,8,0,0,0,0,0,8
23638,1C4,13,100,0,0,0,0,0,62,0,7,0,0,0,0,0,7
23306,1C4,13,76,0,0,0,0,0,38,0,-2,0,0,0,0,0,-2
23568,1C4,12,184,0,0,0,0,0,145,0,-7,0,0,0,0,0,-7
23486,1C4,12,138,0,0,0,0,0,99,0,8,0,0,0,0,0,8
23550,1C4,13,66,0,0,0,0,0,28,0,9,0,0,0,0,0,9
23535,1C4,13,88,0,0,0,0,0,50,0,-5,0,0,0,0,0,-5
23560,1C4,13,137,0,0,0,0,0,99,0,-3,0,0,0,0,0,-3
23611,1C4,13,160,0,0,0,0,0,122,0,5,0,0,0,0,0,5
23305,1C4,13,142,0,0,0,0,0,104,0,-3,0,0,0,0,0,-3
23561,1C4,13,107,0,0,0,0,0,69,0,0,0,0,0,0,0,0
23565,1C4,13,88,0,0,0,0,0,50,0,0,0,0,0,0,0,0
23534,1C4,13,100,0,0,0,0,0,62,0,5,0,0,0,0,0,5
23536,1C4,13,90,0,0,0,0,0,52,0,-3,0,0,0,0,0,-3
23562,1C4,13,90,0,0,0,0,0,52,0,-3,0,0,0,0,0,-3
23564,1C4,12,125,0,0,0,0,0,86,0,0,0,0,0,0,0,0
23561,1C4,12,155,0,0,0,0,0,116,0,6,0,0,0,0,0,6
23564,1C4,12,180,0,0,0,0,0,141,0,0,0,0,0,0,0,0
23678,1C4,12,92,0,0,0,0,0,53,0,9,0,0,0,0,0,9
23533,1C4,12,100,0,0,0,0,0,61,0,17,0,0,0,0,0,17
23535,1C4,9,207,0,0,0,0,0,165,0,-3,0,0,0,0,0,-3
23535,1C4,9,215,0,0,0,0,0,173,0,1,0,0,0,0,0,1
23562,1C4,9,220,0,0,0,0,0,178,0,5,0,0,0,0,0,5
23535,1C4,10,78,0,0,0,0,0,37,0,-5,0,0,0,0,0,-5
23530,1C4,10,84,0,0,0,0,0,43,0,4,0,0,0,0,0,4
23567,1C4,10,96,0,0,0,0,0,55,0,9,0,0,0,0,0,9
23577,1C4,9,193,0,0,0,0,0,151,0,21,0,0,0,0,0,21
23562,1C4,10,22,0,0,0,0,0,237,0,17,0,0,0,0,0,17
23568,1C4,10,77,0,0,0,0,0,36,0,3,0,0,0,0,0,3
23560,1C4,8,89,0,0,0,0,0,46,0,-12,0,0,0,0,0,-12
23569,1C4,8,49,0,0,0,0,0,6,0,3,0,0,0,0,0,3
23540,1C4,9,117,0,0,0,0,0,75,0,24,0,0,0,0,0,24
23560,1C4,10,61,0,0,0,0,0,20,0,9,0,0,0,0,0,9
23351,1C4,10,57,0,0,0,0,0,16,0,6,0,0,0,0,0,6
23563,1C4,10,41,0,0,0,0,0,0,0,-7,0,0,0,0,0,-7
23468,1C4,9,160,0,0,0,0,0,118,0,-25,0,0,0,0,0,-25
23072,1C4,8,233,0,0,0,0,0,190,0,-10,0,0,0,0,0,-10
23565,1C4,8,156,0,0,0,0,0,113,0,-5,0,0,0,0,0,-5
23569,1C4,7,49,0,0,0,0,0,5,0,-7,0,0,0,0,0,-7
23536,1C4,0,146,0,0,0,0,0,95,0,0,0,0,0,0,0,0
23537,1C4,0,0,0,0,0,0,0,205,0,0,0,0,0,0,0,0
23567,1C4,0,0,0,0,0,0,0,205,0,0,0,0,0,0,0,0
23565,1C4,0,0,0,0,0,0,0,205,0,0,0,0,0,0,0,0
23536,1C4,0,0,0,0,0,0,0,205,0,0,0,0,0,0,0,0
24004,1C4,10,245,0,0,0,0,0,204,0,3,0,0,0,0,0,3
23558,1C4,12,65,0,0,0,0,0,26,0,2,0,0,0,0,0,2
23547,1C4,12,130,0,0,0,0,0,91,0,2,0,0,0,0,0,2
23543,1C4,12,188,0,0,0,0,0,149,0,15,0,0,0,0,0,15
23560,1C4,12,226,0,0,0,0,0,187,0,-5,0,0,0,0,0,-5
23534,1C4,13,16,0,0,0,0,0,234,0,2,0,0,0,0,0,2
23531,1C4,13,38,0,0,0,0,0,0,0,5,0,0,0,0,0,-251
23565,1C4,13,137,0,0,0,0,0,99,0,0,0,0,0,0,0,0
23563,1C4,13,219,0,0,0,0,0,181,0,-3,0,0,0,0,0,-3
23562,1C4,12,63,0,0,0,0,0,24,0,6,0,0,0,0,0,6
23568,1C4,12,102,0,0,0,0,0,63,0,-9,0,0,0,0,0,-9
23535,1C4,12,73,0,0,0,0,0,34,0,-2,0,0,0,0,0,-2
23565,1C4,12,134,0,0,0,0,0,95,0,0,0,0,0,0,0,0
23563,1C4,11,93,0,0,0,0,0,53,0,-26,0,0,0,0,0,-26
23534,1C4,10,106,0,0,0,0,0,65,0,-29,0,0,0,0,0,-29
23648,1C4,10,102,0,0,0,0,0,61,0,-4,0,0,0,0,0,-4
23560,1C4,10,0,0,0,0,0,0,215,0,-43,0,0,0,0,0,213
23566,1C4,6,24,0,0,0,0,0,235,0,8,0,0,0,0,0,8
23540,1C4,5,238,0,0,0,0,0,192,0,3,0,0,0,0,0,3
23543,1C4,0,0,0,0,0,0,0,205,0,0,0,0,0,0,0,0
23537,1C4,0,0,0,0,0,0,0,205,0,0,0,0,0,0,0,0
23566,1C4,12,173,0,0,0,0,0,134,0,2,0,0,0,0,0,2
23562,1C4,13,61,0,0,0,0,0,23,0,0,0,0,0,0,0,0
23545,1C4,13,130,0,0,0,0,0,92,0,-2,0,0,0,0,0,-2
23566,1C4,13,251,0,0,0,0,0,213,0,8,0,0,0,0,0,8
23568,1C4,14,33,0,0,0,0,0,252,0,11,0,0,0,0,0,11
23537,1C4,14,33,0,0,0,0,0,252,0,-5,0,0,0,0,0,251
23203,1C4,13,35,0,0,0,0,0,253,0,-3,0,0,0,0,0,253
23384,1C4,11,169,0,0,0,0,0,129,0,-37,0,0,0,0,0,-37
23529,1C4,9,137,0,0,0,0,0,95,0,-7,0,0,0,0,0,-7
23465,1C4,7,208,0,0,0,0,0,164,0,-6,0,0,0,0,0,-6
23756,1C4,7,215,0,0,0,0,0,171,0,7,0,0,0,0,0,7
23567,1C4,7,236,0,0,0,0,0,192,0,-3,0,0,0,0,0,-3
23565,1C4,7,244,0,0,0,0,0,200,0,4,0,0,0,0,0,4
23542,1C4,8,72,0,0,0,0,0,29,0,11,0,0,0,0,0,11
23533,1C4,8,240,0,0,0,0,0,197,0,14,0,0,0,0,0,14
23534,1C4,9,52,0,0,0,0,0,10,0,18,0,0,0,0,0,-238
23536,1C4,10,70,0,0,0,0,0,29,0,-1,0,0,0,0,0,-1
23788,1C4,10,127,0,0,0,0,0,86,0,0,0,0,0,0,0,0
23538,1C4,10,136,0,0,0,0,0,95,0,-5,0,0,0,0,0,-5
23286,1C4,11,154,0,0,0,0,0,114,0,11,0,0,0,0,0,11
23791,1C4,12,53,0,0,0,0,0,14,0,-4,0,0,0,0,0,-4
24049,1C4,12,102,0,0,0,0,0,63,0,8,0,0,0,0,0,8
23562,1C4,12,106,0,0,0,0,0,67,0,2,0,0,0,0,0,2
23566,1C4,10,211,0,0,0,0,0,170,0,-1,0,0,0,0,0,-1
23477,1C4,10,84,0,0,0,0,0,43,0,-9,0,0,0,0,0,-9
23565,1C4,10,100,0,0,0,0,0,59,0,3,0,0,0,0,0,3
23701,1C4,10,158,0,0,0,0,0,117,0,-15,0,0,0,0,0,-15
23566,1C4,10,182,0,0,0,0,0,141,0,3,0,0,0,0,0,3
23562,1C4,10,217,0,0,0,0,0,176,0,6,0,0,0,0,0,6
23539,1C4,10,248,0,0,0,0,0,207,0,10,0,0,0,0,0,10
23569,1C4,10,201,0,0,0,0,0,160,0,8,0,0,0,0,0,8
23561,1C4,11,185,0,0,0,0,0,145,0,-10,0,0,0,0,0,-10
22961,1C4,12,57,0,0,0,0,0,18,0,-2,0,0,0,0,0,-2
23563,1C4,12,140,0,0,0,0,0,101,0,-3,0,0,0,0,0,-3
23561,1C4,12,171,0,0,0,0,0,132,0,-6,0,0,0,0,0,-6
23564,1C4,13,26,0,0,0,0,0,244,0,14,0,0,0,0,0,14
23565,1C4,13,35,0,0,0,0,0,253,0,-5,0,0,0,0,0,251
24017,1C4,11,218,0,0,0,0,0,178,0,10,0,0,0,0,0,10
23324,1C4,7,222,0,0,0,0,0,178,0,-12,0,0,0,0,0,-12
23768,1C4,7,206,0,0,0,0,0,162,0,13,0,0,0,0,0,13
23563,1C4,7,223,0,0,0,0,0,179,0,8,0,0,0,0,0,8
23564,1C4,9,251,0,0,0,0,0,209,-1,249,0,0,0,0,0,-8
23759,1C4,10,90,0,0,0,0,0,49,0,3,0,0,0,0,0,3
23748,1C4,10,217,0,0,0,0,0,176,0,9,0,0,0,0,0,9
23571,1C4,12,217,0,0,0,0,0,178,0,9,0,0,0,0,0,9
23373,1C4,12,233,0,0,0,0,0,194,0,7,0,0,0,0,0,7
23536,1C4,13,54,0,0,0,0,0,16,0,0,0,0,0,0,0,0
22943,1C4,13,57,0,0,0,0,0,19,0,-7,0,0,0,0,0,-7
23622,1C4,10,148,0,0,0,0,0,107,0,-16,0,0,0,0,0,-16
23537,1C4,10,251,0,0,0,0,0,210,0,4,0,0,0,0,0,4
23535,1C4,11,15,0,0,0,0,0,231,0,8,0,0,0,0,0,8
23539,1C4,11,22,0,0,0,0,0,238,0,12,0,0,0,0,0,12
23831,1C4,10,164,0,0,0,0,0,123,0,-21,0,0,0,0,0,-21
23566,1C4,8,189,0,0,0,0,0,146,0,4,0,0,0,0,0,4
23529,1C4,8,225,0,0,0,0,0,182,0,1,0,0,0,0,0,1
23538,1C4,10,22,0,0,0,0,0,237,0,0,0,0,0,0,0,0
23536,1C4,10,127,0,0,0,0,0,86,0,0,0,0,0,0,0,0
23541,1C4,9,153,0,0,0,0,0,111,0,-22,0,0,0,0,0,-22
23522,1C4,9,72,0,0,0,0,0,30,0,-18,0,0,0,0,0,-18
23561,1C4,8,192,0,0,0,0,0,149,0,1,0,0,0,0,0,1
23563,1C4,9,2,0,0,0,0,0,216,0,-2,0,0,0,0,0,-2
23567,1C4,9,15,0,0,0,0,0,229,0,7,0,0,0,0,0,7
23532,1C4,7,228,0,0,0,0,0,184,0,10,0,0,0,0,0,10
22648,1C4,7,221,0,0,0,0,0,177,0,5,0,0,0,0,0,5
23533,1C4,7,241,0,0,0,0,0,197,0,11,0,0,0,0,0,11
23321,1C4,8,12,0,0,0,0,0,225,0,1,0,0,0,0,0,1
23564,1C4,8,34,0,0,0,0,0,247,0,-3,0,0,0,0,0,-3
23534,1C4,7,199,0,0,0,0,0,155,0,-7,0,0,0,0,0,-7
23538,1C4,0,0,0,0,0,0,0,205,0,0,0,0,0,0,0,0
23566,1C4,8,35,0,0,0,0,0,248,0,2,0,0,0,0,0,2
23563,1C4,8,31,0,0,0,0,0,244,0,3,0,0,0,0,0,3
23572,1C4,8,112,0,0,0,0,0,69,0,-1,0,0,0,0,0,-1
23533,1C4,8,91,0,0,0,0,0,48,0,8,0,0,0,0,0,8
23550,1C4,8,152,0,0,0,0,0,109,0,-5,0,0,0,0,0,-5
23534,1C4,8,166,0,0,0,0,0,123,0,-12,0,0,0,0,0,-12
23649,1C4,9,3,0,0,0,0,0,217,0,2,0,0,0,0,0,2
23535,1C4,11,41,0,0,0,0,0,1,0,14,0,0,0,0,0,-242
23538,1C4,9,235,0,0,0,0,0,193,0,-16,0,0,0,0,0,-16
23563,1C4,8,87,0,0,0,0,0,44,0,19,0,0,0,0,0,19
23535,1C4,9,156,0,0,0,0,0,114,0,4,0,0,0,0,0,4
23364,1C4,9,231,0,0,0,0,0,189,0,8,0,0,0,0,0,8
23535,1C4,10,153,0,0,0,0,0,112,0,8,0,0,0,0,0,8
23532,1C4,10,162,0,0,0,0,0,121,0,0,0,0,0,0,0,0
23496,1C4,9,57,0,0,0,0,0,15,0,-1,0,0,0,0,0,-1
23568,1C4,7,39,0,0,0,0,0,251,0,1,0,0,0,0,0,1
23535,1C4,3,183,0,0,0,0,0,135,0,-64,0,0,0,0,0,-64
23535,1C4,2,235,0,0,0,0,0,186,-1,215,0,0,0,0,0,-42
23552,1C4,0,0,0,0,0,0,0,205,0,0,0,0,0,0,0,0
23535,1C4,0,0,0,0,0,0,0,205,0,0,0,0,0,0,0,0
23563,1C4,0,0,0,0,0,0,0,205,0,0,0,0,0,0,0,0
23566,1C4,0,0,0,0,0,0,0,205,0,0,0,0,0,0,0,0
23540,1C4,3,180,0,0,0,0,0,132,0,44,0,0,0,0,0,44
23535,1C4,9,76,0,0,0,0,0,34,0,-9,0,0,0,0,0,-9
23564,1C4,12,155,0,0,0,0,0,116,0,0,0,0,0,0,0,0
23563,1C4,12,222,0,0,0,0,0,183,0,0,0,0,0,0,0,0
23536,1C4,12,213,0,0,0,0,0,174,0,-11,0,0,0,0,0,-11
23304,1C4,12,143,0,0,0,0,0,104,0,-15,0,0,0,0,0,-15
23562,1C4,11,14,0,0,0,0,0,230,0,-54,0,0,0,0,0,202
23534,1C4,9,22,0,0,0,0,0,236,0,-15,0,0,0,0,0,-15
23517,1C4,8,41,0,0,0,0,0,254,0,4,0,0,0,0,0,4
23612,1C4,8,130,0,0,0,0,0,87,0,31,0,0,0,0,0,31
23567,1C4,7,201,0,0,0,0,0,157,0,-17,0,0,0,0,0,-17
23536,1C4,10,50,0,0,0,0,0,9,0,2,0,0,0,0,0,2
23407,1C4,8,51,0,0,0,0,0,8,0,-8,0,0,0,0,0,-8
23569,1C4,5,191,0,0,0,0,0,145,0,-31,0,0,0,0,0,-31
23564,1C4,0,146,0,0,0,0,0,95,0,0,0,0,0,0,0,0
23562,1C4,5,75,0,0,0,0,0,29,0,-21,0,0,0,0,0,-21
23563,1C4,7,174,0,0,0,0,0,130,0,-2,0,0,0,0,0,-2
23535,1C4,7,184,0,0,0,0,0,140,0,-1,0,0,0,0,0,-1
23561,1C4,9,67,0,0,0,0,0,25,0,-7,0,0,0,0,0,-7
23534,1C4,8,175,0,0,0,0,0,132,0,6,0,0,0,0,0,6
23690,1C4,9,11,0,0,0,0,0,225,0,-2,0,0,0,0,0,-2
23588,1C4,10,170,0,0,0,0,0,129,0,17,0,0,0,0,0,17
23537,1C4,10,230,0,0,0,0,0,189,0,1,0,0,0,0,0,1
23537,1C4,11,17,0,0,0,0,0,233,0,-3,0,0,0,0,0,-3
23535,1C4,11,70,0,0,0,0,0,30,0,5,0,0,0,0,0,5
23733,1C4,11,72,0,0,0,0,0,32,0,0,0,0,0,0,0,0
23568,1C4,11,227,0,0,0,0,0,187,0,4,0,0,0,0,0,4
23727,1C4,10,179,0,0,0,0,0,138,0,6,0,0,0,0,0,6
23568,1C4,9,52,0,0,0,0,0,10,0,-14,0,0,0,0,0,-14
23562,1C4,8,8,0,0,0,0,0,221,1,-243,0,0,0,0,0,14
23769,1C4,8,78,0,0,0,0,0,35,0,5,0,0,0,0,0,5
23531,1C4,8,133,0,0,0,0,0,90,0,2,0,0,0,0,0,2
23639,1C4,8,108,0,0,0,0,0,65,0,-8,0,0,0,0,0,-8
23652,1C4,8,152,0,0,0,0,0,109,0,15,0,0,0,0,0,15
23393,1C4,8,167,0,0,0,0,0,124,0,15,0,0,0,0,0,15
22950,1C4,9,79,0,0,0,0,0,37,0,13,0,0,0,0,0,13
23531,1C4,10,4,0,0,0,0,0,219,0,-11,0,0,0,0,0,-11
23514,1C4,10,124,0,0,0,0,0,83,0,-6,0,0,0,0,0,-6
23550,1C4,9,86,0,0,0,0,0,44,0,21,0,0,0,0,0,21
23316,1C4,9,228,0,0,0,0,0,186,0,8,0,0,0,0,0,8
23366,1C4,9,246,0,0,0,0,0,204,0,-3,0,0,0,0,0,-3
23536,1C4,9,243,0,0,0,0,0,201,0,-2,0,0,0,0,0,-2
23990,1C4,8,135,0,0,0,0,0,92,0,8,0,0,0,0,0,8
23565,1C4,8,215,0,0,0,0,0,172,0,7,0,0,0,0,0,7
23531,1C4,8,92,0,0,0,0,0,49,0,3,0,0,0,0,0,3
23566,1C4,8,126,0,0,0,0,0,83,0,2,0,0,0,0,0,2
23534,1C4,8,136,0,0,0,0,0,93,0,10,0,0,0,0,0,10
23415,1C4,9,54,0,0,0,0,0,12,0,-8,0,0,0,0,0,-8
23361,1C4,8,47,0,0,0,0,0,4,0,2,0,0,0,0,0,2
23533,1C4,8,67,0,0,0,0,0,24,0,-1,0,0,0,0,0,-1
23542,1C4,7,254,0,0,0,0,0,210,-1,245,0,0,0,0,0,-12
23624,1C4,7,184,0,0,0,0,0,140,0,1,0,0,0,0,0,1
23561,1C4,6,245,0,0,0,0,0,200,0,-6,0,0,0,0,0,-6
23534,1C4,7,24,0,0,0,0,0,236,0,1,0,0,0,0,0,1
23563,1C4,9,51,0,0,0,0,0,9,0,-8,0,0,0,0,0,-8
23539,1C4,8,31,0,0,0,0,0,244,0,-28,0,0,0,0,0,228
23566,1C4,7,239,0,0,0,0,0,195,0,0,0,0,0,0,0,0
23536,1C4,7,249,0,0,0,0,0,205,0,-2,0,0,0,0,0,-2
23536,1C4,7,239,0,0,0,0,0,195,0,-2,0,0,0,0,0,-2
23534,1C4,5,24,0,0,0,0,0,234,0,-21,0,0,0,0,0,-21
23536,1C4,1,6,0,0,0,0,0,212,0,-96,0,0,0,0,0,160
23535,1C4,0,158,0,0,0,0,0,107,-1,152,0,0,0,0,0,-105
23616,1C4,0,0,0,0,0,0,0,205,0,0,0,0,0,0,0,0
23539,1C4,0,0,0,0,0,0,0,205,0,0,0,0,0,0,0,0
23565,1C4,0,0,0,0,0,0,0,205,0,0,0,0,0,0,0,0
23567,1C4,0,0,0,0,0,0,0,205,0,0,0,0,0,0,0,0
23535,1C4,0,0,0,0,0,0,0,205,0,0,0,0,0,0,0,0
23564,1C4,0,0,0,0,0,0,0,205,0,0,0,0,0,0,0,0
23532,1C4,7,171,0,0,0,0,0,127,0,38,0,0,0,0,0,38
23565,1C4,9,2,0,0,0,0,0,216,1,-245,0,0,0,0,0,12
23595,1C4,9,45,0,0,0,0,0,3,0,-9,0,0,0,0,0,-9
23564,1C4,9,238,0,0,0,0,0,196,0,8,0,0,0,0,0,8
23542,1C4,10,217,0,0,0,0,0,176,0,6,0,0,0,0,0,6
23575,1C4,9,223,0,0,0,0,0,181,0,-30,0,0,0,0,0,-30
23566,1C4,9,60,0,0,0,0,0,18,0,5,0,0,0,0,0,5
23808,1C4,9,106,0,0,0,0,0,64,0,4,0,0,0,0,0,4
23562,1C4,8,25,0,0,0,0,0,238,0,-19,0,0,0,0,0,237
23566,1C4,8,32,0,0,0,0,0,245,0,4,0,0,0,0,0,4
23312,1C4,8,248,0,0,0,0,0,205,0,17,0,0,0,0,0,17
23538,1C4,8,117,0,0,0,0,0,74,0,-3,0,0,0,0,0,-3
23564,1C4,8,2,0,0,0,0,0,215,0,0,0,0,0,0,0,0
23336,1C4,4,4,0,0,0,0,0,213,0,-44,0,0,0,0,0,212
23537,1C4,0,0,0,0,0,0,0,205,0,0,0,0,0,0,0,0
23564,1C4,3,16,0,0,0,0,0,224,1,-97,0,0,0,0,0,160
23537,1C4,4,10,0,0,0,0,0,219,1,-193,0,0,0,0,0,64
23536,1C4,8,48,0,0,0,0,0,5,0,10,0,0,0,0,0,-246
23538,1C4,7,193,0,0,0,0,0,149,0,0,0,0,0,0,0,0
23561,1C4,9,71,0,0,0,0,0,29,0,3,0,0,0,0,0,3
23592,1C4,8,177,0,0,0,0,0,134,0,-21,0,0,0,0,0,-21
23248,1C4,8,42,0,0,0,0,0,255,0,-6,0,0,0,0,0,250
23534,1C4,8,217,0,0,0,0,0,174,0,2,0,0,0,0,0,2
23718,1C4,8,115,0,0,0,0,0,72,0,-4,0,0,0,0,0,-4
23534,1C4,8,237,0,0,0,0,0,194,0,-5,0,0,0,0,0,-5
23661,1C4,9,211,0,0,0,0,0,169,0,8,0,0,0,0,0,8
23566,1C4,10,151,0,0,0,0,0,110,0,-2,0,0,0,0,0,-2
23537,1C4,10,136,0,0,0,0,0,95,0,10,0,0,0,0,0,10
23538,1C4,10,124,0,0,0,0,0,83,0,-8,0,0,0,0,0,-8
23835,1C4,9,176,0,0,0,0,0,134,0,6,0,0,0,0,0,6
23539,1C4,9,203,0,0,0,0,0,161,0,-4,0,0,0,0,0,-4
23431,1C4,9,206,0,0,0,0,0,164,0,-7,0,0,0,0,0,-7
23669,1C4,9,207,0,0,0,0,0,165,0,0,0,0,0,0,0,0
23539,1C4,9,234,0,0,0,0,0,192,0,-4,0,0,0,0,0,-4
24132,1C4,9,230,0,0,0,0,0,188,0,-4,0,0,0,0,0,-4
23623,1C4,8,249,0,0,0,0,0,206,0,-5,0,0,0,0,0,-5
23802,1C4,8,127,0,0,0,0,0,84,0,-9,0,0,0,0,0,-9
23426,1C4,6,181,0,0,0,0,0,136,0,1,0,0,0,0,0,1
23536,1C4,6,170,0,0,0,0,0,125,0,0,0,0,0,0,0,0
23651,1C4,6,228,0,0,0,0,0,183,0,2,0,0,0,0,0,2
23539,1C4,8,250,0,0,0,0,0,207,0,4,0,0,0,0,0,4
23536,1C4,8,245,0,0,0,0,0,202,0,1,0,0,0,0,0,1
23575,1C4,8,142,0,0,0,0,0,99,0,3,0,0,0,0,0,3
23568,1C4,8,157,0,0,0,0,0,114,0,-1,0,0,0,0,0,-1
23526,1C4,8,119,0,0,0,0,0,76,0,-7,0,0,0,0,0,-7
23568,1C4,8,65,0,0,0,0,0,22,0,-8,0,0,0,0,0,-8
23544,1C4,7,244,0,0,0,0,0,200,0,-3,0,0,0,0,0,-3
23535,1C4,6,239,0,0,0,0,0,194,0,-9,0,0,0,0,0,-9
23564,1C4,0,0,0,0,0,0,0,205,0,0,0,0,0,0,0,0
23563,1C4,0,0,0,0,0,0,0,205,0,0,0,0,0,0,0,0
23539,1C4,0,0,0,0,0,0,0,205,0,0,0,0,0,0,0,0
23603,1C4,0,0,0,0,0,0,0,205,0,0,0,0,0,0,0,0
23565,1C4,0,0,0,0,0,0,0,205,0,0,0,0,0,0,0,0
23296,1C4,7,190,0,0,0,0,0,146,0,-17,0,0,0,0,0,-17
23552,1C4,7,12,0,0,0,0,0,224,0,4,0,0,0,0,0,4
23536,1C4,6,55,0,0,0,0,0,10,0,-2,0,0,0,0,0,-2
23537,1C4,8,21,0,0,0,0,0,234,0,-8,0,0,0,0,0,-8
23360,1C4,0,0,0,0,0,0,0,205,0,0,0,0,0,0,0,0
23537,1C4,0,0,0,0,0,0,0,205,0,0,0,0,0,0,0,0
23537,1C4,0,0,0,0,0,0,0,205,0,0,0,0,0,0,0,0
23534,1C4,0,0,0,0,0,0,0,205,0,0,0,0,0,0,0,0
23565,1C4,0,0,0,0,0,0,0,205,0,0,0,0,0,0,0,0
23566,1C4,0,0,0,0,0,0,0,205,0,0,0,0,0,0,0,0
23537,1C4,0,0,0,0,0,0,0,205,0,0,0,0,0,0,0,0
23537,1C4,0,0,0,0,0,0,0,205,0,0,0,0,0,0,0,0
23567,1C4,0,0,0,0,0,0,0,205,0,0,0,0,0,0,0,0
23567,1C4,0,0,0,0,0,0,0,205,0,0,0,0,0,0,0,0
23129,1C4,0,0,0,0,0,0,0,205,0,0,0,0,0,0,0,0
23564,1C4,0,0,0,0,0,0,0,205,0,0,0,0,0,0,0,0
24242,1C4,0,0,0,0,0,0,0,205,0,0,0,0,0,0,0,0
23537,1C4,0,0,0,0,0,0,0,205,0,0,0,0,0,0,0,0
23536,1C4,0,0,0,0,0,0,0,205,0,0,0,0,0,0,0,0
23566,1C4,0,0,0,0,0,0,0,205,0,0,0,0,0,0,0,0
23439,1C4,0,0,0,0,0,0,0,205,0,0,0,0,0,0,0,0
23540,1C4,0,0,0,0,0,0,0,205,0,0,0,0,0,0,0,0
23536,1C4,0,0,0,0,0,0,0,205,0,0,0,0,0,0,0,0
23565,1C4,0,0,0,0,0,0,0,205,0,0,0,0,0,0,0,0
23537,1C4,0,0,0,0,0,0,0,205,0,0,0,0,0,0,0,0
23567,1C4,0,0,0,0,0,0,0,205,0,0,0,0,0,0,0,0
23566,1C4,0,0,0,0,0,0,0,205,0,0,0,0,0,0,0,0
23535,1C4,0,0,0,0,0,0,0,205,0,0,0,0,0,0,0,0
23534,1C4,0,0,0,0,0,0,0,205,0,0,0,0,0,0,0,0
23688,1C4,0,0,0,0,0,0,0,205,0,0,0,0,0,0,0,0
23654,1C4,0,0,0,0,0,0,0,205,0,0,0,0,0,0,0,0
23535,1C4,0,0,0,0,0,0,0,205,0,0,0,0,0,0,0,0
23564,1C4,0,0,0,0,0,0,0,205,0,0,0,0,0,0,0,0
23527,1C4,0,0,0,0,0,0,0,205,0,0,0,0,0,0,0,0
23534,1C4,0,0,0,0,0,0,0,205,0,0,0,0,0,0,0,0
23538,1C4,0,0,0,0,0,0,0,205,0,0,0,0,0,0,0,0
23579,1C4,0,0,0,0,0,0,0,205,0,0,0,0,0,0,0,0
23537,1C4,0,0,0,0,0,0,0,205,0,0,0,0,0,0,0,0
23539,1C4,0,0,0,0,0,0,0,205,0,0,0,0,0,0,0,0
23536,1C4,0,0,0,0,0,0,0,205,0,0,0,0,0,0,0,0
23534,1C4,0,0,0,0,0,0,0,205,0,0,0,0,0,0,0,0
23564,1C4,0,0,0,0,0,0,0,205,0,0,0,0,0,0,0,0
23069,1C4,0,0,0,0,0,0,0,205,0,0,0,0,0,0,0,0
23566,1C4,0,0,0,0,0,0,0,205,0,0,0,0,0,0,0,0
24350,1C4,0,0,0,0,0,0,0,205,0,0,0,0,0,0,0,0
23536,1C4,0,0,0,0,0,0,0,205,0,0,0,0,0,0,0,0
23537,1C4,0,0,0,0,0,0,0,205,0,0,0,0,0,0,0,0
23536,1C4,0,0,0,0,0,0,0,205,0,0,0,0,0,0,0,0
23564,1C4,0,0,0,0,0,0,0,205,0,0,0,0,0,0,0,0
23536,1C4,0,0,0,0,0,0,0,205,0,0,0,0,0,0,0,0
23536,1C4,0,0,0,0,0,0,0,205,0,0,0,0,0,0,0,0
23564,1C4,0,0,0,0,0,0,0,205,0,0,0,0,0,0,0,0
23535,1C4,0,0,0,0,0,0,0,205,0,0,0,0,0,0,0,0
23564,1C4,0,0,0,0,0,0,0,205,0,0,0,0,0,0,0,0
23564,1C4,0,0,0,0,0,0,0,205,0,0,0,0,0,0,0,0
23626,1C4,0,0,0,0,0,0,0,205,0,0,0,0,0,0,0,0
23731,1C4,0,0,0,0,0,0,0,205,0,0,0,0,0,0,0,0
23692,1C4,0,0,0,0,0,0,0,205,0,0,0,0,0,0,0,0
23703,1C4,0,0,0,0,0,0,0,205,0,0,0,0,0,0,0,0
23561,1C4,0,0,0,0,0,0,0,205,0,0,0,0,0,0,0,0
23537,1C4,0,0,0,0,0,0,0,205,0,0,0,0,0,0,0,0
24000,1C4,0,0,0,0,0,0,0,205,0,0,0,0,0,0,0,0
23294,1C4,0,0,0,0,0,0,0,205,0,0,0,0,0,0,0,0
23797,1C4,0,0,0,0,0,0,0,205,0,0,0,0,0,0,0,0
23445,1C4,0,0,0,0,0,0,0,205,0,0,0,0,0,0,0,0
23535,1C4,0,0,0,0,0,0,0,205,0,0,0,0,0,0,0,0
23563,1C4,0,0,0,0,0,0,0,205,0,0,0,0,0,0,0,0
23379,1C4,0,0,0,0,0,0,0,205,0,0,0,0,0,0,0,0
23431,1C4,0,0,0,0,0,0,0,205,0,0,0,0,0,0,0,0
23539,1C4,0,0,0,0,0,0,0,205,0,0,0,0,0,0,0,0
23535,1C4,0,0,0,0,0,0,0,205,0,0,0,0,0,0,0,0
24001,1C4,0,0,0,0,0,0,0,205,0,0,0,0,0,0,0,0
23100,1C4,0,0,0,0,0,0,0,205,0,0,0,0,0,0,0,0
23538,1C4,0,0,0,0,0,0,0,205,0,0,0,0,0,0,0,0
23539,1C4,0,0,0,0,0,0,0,205,0,0,0,0,0,0,0,0
23565,1C4,0,0,0,0,0,0,0,205,0,0,0,0,0,0,0,0
23562,1C4,0,0,0,0,0,0,0,205,0,0,0,0,0,0,0,0
23566,1C4,0,0,0,0,0,0,0,205,0,0,0,0,0,0,0,0
23564,1C4,0,0,0,0,0,0,0,205,0,0,0,0,0,0,0,0
23601,1C4,0,0,0,0,0,0,0,205,0,0,0,0,0,0,0,0
23581,1C4,0,0,0,0,0,0,0,205,0,0,0,0,0,0,0,0
23553,1C4,0,0,0,0,0,0,0,205,0,0,0,0,0,0,0,0
23800,1C4,0,0,0,0,0,0,0,205,0,0,0,0,0,0,0,0
23564,1C4,0,0,0,0,0,0,0,205,0,0,0,0,0,0,0,0
23566,1C4,0,0,0,0,0,0,0,205,0,0,0,0,0,0,0,0
23564,1C4,0,0,0,0,0,0,0,205,0,0,0,0,0,0,0,0
23537,1C4,0,0,0,0,0,0,0,205,0,0,0,0,0,0,0,0
23535,1C4,0,0,0,0,0,0,0,205,0,0,0,0,0,0,0,0
23930,1C4,0,0,0,0,0,0,0,205,0,0,0,0,0,0,0,0
23566,1C4,0,0,0,0,0,0,0,205,0,0,0,0,0,0,0,0
23187,1C4,0,0,0,0,0,0,0,205,0,0,0,0,0,0,0,0
23569,1C4,0,0,0,0,0,0,0,205,0,0,0,0,0,0,0,0
23536,1C4,0,0,0,0,0,0,0,205,0,0,0,0,0,0,0,0
23535,1C4,0,0,0,0,0,0,0,205,0,0,0,0,0,0,0,0
23566,1C4,0,0,0,0,0,0,0,205,0,0,0,0,0,0,0,0
23565,1C4,0,0,0,0,0,0,0,205,0,0,0,0,0,0,0,0
23123,1C4,0,0,0,0,0,0,0,205,0,0,0,0,0,0,0,0
23537,1C4,0,0,0,0,0,0,0,205,0,0,0,0,0,0,0,0
23298,1C4,0,0,0,0,0,0,0,205,0,0,0,0,0,0,0,0
23644,1C4,0,0,0,0,0,0,0,205,0,0,0,0,0,0,0,0
23564,1C4,0,0,0,0,0,0,0,205,0,0,0,0,0,0,0,0
23562,1C4,0,0,0,0,0,0,0,205,0,0,0,0,0,0,0,0
23109,1C4,0,0,0,0,0,0,0,205,0,0,0,0,0,0,0,0
23563,1C4,0,0,0,0,0,0,0,205,0,0,0,0,0,0,0,0
23564,1C4,0,0,0,0,0,0,0,205,0,0,0,0,0,0,0,0
23149,1C4,0,0,0,0,0,0,0,205,0,0,0,0,0,0,0,0
23536,1C4,0,0,0,0,0,0,0,205,0,0,0,0,0,0,0,0
23570,1C4,0,0,0,0,0,0,0,205,0,0,0,0,0,0,0,0
23939,1C4,0,0,0,0,0,0,0,205,0,0,0,0,0,0,0,0
23536,1C4,0,0,0,0,0,0,0,205,0,0,0,0,0,0,0,0
23565,1C4,0,0,0,0,0,0,0,205,0,0,0,0,0,0,0,0
23537,1C4,0,0,0,0,0,0,0,205,0,0,0,0,0,0,0,0
23536,1C4,0,0,0,0,0,0,0,205,0,0,0,0,0,0,0,0
23565,1C4,0,0,0,0,0,0,0,205,0,0,0,0,0,0,0,0
24163,1C4,0,0,0,0,0,0,0,205,0,0,0,0,0,0,0,0
22940,1C4,0,0,0,0,0,0,0,205,0,0,0,0,0,0,0,0
23564,1C4,0,0,0,0,0,0,0,205,0,0,0,0,0,0,0,0
23534,1C4,0,0,0,0,0,0,0,205,0,0,0,0,0,0,0,0
23565,1C4,0,0,0,0,0,0,0,205,0,0,0,0,0,0,0,0
23535,1C4,0,0,0,0,0,0,0,205,0,0,0,0,0,0,0,0
23561,1C4,5,75,0,0,0,0,0,29,0,-29,0,0,0,0,0,-29
23536,1C4,4,155,0,0,0,0,0,108,0,-10,0,0,0,0,0,-10
23569,1C4,2,104,0,0,0,0,0,55,0,-59,0,0,0,0,0,-59
23557,1C4,0,0,0,0,0,0,0,205,0,0,0,0,0,0,0,0
22765,1C4,6,175,0,0,0,0,0,130,0,-10,0,0,0,0,0,-10
23568,1C4,6,138,0,0,0,0,0,93,0,-4,0,0,0,0,0,-4
23744,1C4,6,186,0,0,0,0,0,141,0,-5,0,0,0,0,0,-5
23582,1C4,6,211,0,0,0,0,0,166,0,7,0,0,0,0,0,7
23694,1C4,7,5,0,0,0,0,0,217,0,2,0,0,0,0,0,2
23569,1C4,0,0,0,0,0,0,0,205,0,0,0,0,0,0,0,0
23539,1C4,0,0,0,0,0,0,0,205,0,0,0,0,0,0,0,0
23536,1C4,0,0,0,0,0,0,0,205,0,0,0,0,0,0,0,0
23579,1C4,0,0,0,0,0,0,0,205,0,0,0,0,0,0,0,0
23381,1C4,0,0,0,0,0,0,0,205,0,0,0,0,0,0,0,0
23486,1C4,0,0,0,0,0,0,0,205,0,0,0,0,0,0,0,0
23566,1C4,0,0,0,0,0,0,0,205,0,0,0,0,0,0,0,0
24082,1C4,0,0,0,0,0,0,0,205,0,0,0,0,0,0,0,0
23019,1C4,0,0,0,0,0,0,0,205,0,0,0,0,0,0,0,0
23534,1C4,0,0,0,0,0,0,0,205,0,0,0,0,0,0,0,0
23720,1C4,0,0,0,0,0,0,0,205,0,0,0,0,0,0,0,0
23565,1C4,0,0,0,0,0,0,0,205,0,0,0,0,0,0,0,0
23369,1C4,0,0,0,0,0,0,0,205,0,0,0,0,0,0,0,0
23536,1C4,0,0,0,0,0,0,0,205,0,0,0,0,0,0,0,0
23564,1C4,0,0,0,0,0,0,0,205,0,0,0,0,0,0,0,0
23565,1C4,0,0,0,0,0,0,0,205,0,0,0,0,0,0,0,0
23778,1C4,0,0,0,0,0,0,0,205,0,0,0,0,0,0,0,0
23537,1C4,0,0,0,0,0,0,0,205,0,0,0,0,0,0,0,0
23564,1C4,6,163,0,0,0,0,0,118,0,25,0,0,0,0,0,25
23530,1C4,7,86,0,0,0,0,0,42,0,9,0,0,0,0,0,9
23489,1C4,7,99,0,0,0,0,0,55,0,-9,0,0,0,0,0,-9
23538,1C4,0,146,0,0,0,0,0,95,0,0,0,0,0,0,0,0
23322,1C4,0,0,0,0,0,0,0,205,0,0,0,0,0,0,0,0
23537,1C4,0,0,0,0,0,0,0,205,0,0,0,0,0,0,0,0
23566,1C4,0,0,0,0,0,0,0,205,0,0,0,0,0,0,0,0
23712,1C4,0,0,0,0,0,0,0,205,0,0,0,0,0,0,0,0
23564,1C4,0,0,0,0,0,0,0,205,0,0,0,0,0,0,0,0
23534,1C4,0,0,0,0,0,0,0,205,0,0,0,0,0,0,0,0
23535,1C4,0,0,0,0,0,0,0,205,0,0,0,0,0,0,0,0
23565,1C4,0,0,0,0,0,0,0,205,0,0,0,0,0,0,0,0
23388,1C4,0,0,0,0,0,0,0,205,0,0,0,0,0,0,0,0
23565,1C4,0,0,0,0,0,0,0,205,0,0,0,0,0,0,0,0
23565,1C4,0,0,0,0,0,0,0,205,0,0,0,0,0,0,0,0
23565,1C4,0,0,0,0,0,0,0,205,0,0,0,0,0,0,0,0
23565,1C4,0,0,0,0,0,0,0,205,0,0,0,0,0,0,0,0
23561,1C4,0,0,0,0,0,0,0,205,0,0,0,0,0,0,0,0
23537,1C4,0,0,0,0,0,0,0,205,0,0,0,0,0,0,0,0
23537,1C4,0,0,0,0,0,0,0,205,0,0,0,0,0,0,0,0
23561,1C4,0,0,0,0,0,0,0,205,0,0,0,0,0,0,0,0
23535,1C4,3,180,0,0,0,0,0,132,0,119,0,0,0,0,0,119
23534,1C4,6,48,0,0,0,0,0,3,0,-20,0,0,0,0,0,-20
23537,1C4,2,111,0,0,0,0,0,62,0,-52,0,0,0,0,0,-52
23565,1C4,1,186,0,0,0,0,0,136,-1,178,0,0,0,0,0,-79
23459,1C4,0,0,0,0,0,0,0,205,0,0,0,0,0,0,0,0
23239,1C4,0,0,0,0,0,0,0,205,0,0,0,0,0,0,0,0
23551,1C4,0,0,0,0,0,0,0,205,0,0,0,0,0,0,0,0
23548,1C4,0,0,0,0,0,0,0,205,0,0,0,0,0,0,0,0
23563,1C4,0,0,0,0,0,0,0,205,0,0,0,0,0,0,0,0
23565,1C4,0,0,0,0,0,0,0,205,0,0,0,0,0,0,0,0
23564,1C4,0,0,0,0,0,0,0,205,0,0,0,0,0,0,0,0
23537,1C4,0,0,0,0,0,0,0,205,0,0,0,0,0,0,0,0
23536,1C4,0,0,0,0,0,0,0,205,0,0,0,0,0,0,0,0
23965,1C4,0,0,0,0,0,0,0,205,0,0,0,0,0,0,0,0
23560,1C4,0,197,0,0,0,0,0,146,-1,108,0,0,0,0,0,107
23565,1C4,0,0,0,0,0,0,0,205,0,0,0,0,0,0,0,0
23566,1C4,0,0,0,0,0,0,0,205,0,0,0,0,0,0,0,0
23537,1C4,0,0,0,0,0,0,0,205,0,0,0,0,0,0,0,0
23536,1C4,0,0,0,0,0,0,0,205,0,0,0,0,0,0,0,0
23537,1C4,0,0,0,0,0,0,0,205,0,0,0,0,0,0,0,0
23717,1C4,0,0,0,0,0,0,0,205,0,0,0,0,0,0,0,0
23538,1C4,0,0,0,0,0,0,0,205,0,0,0,0,0,0,0,0
23534,1C4,0,0,0,0,0,0,0,205,0,0,0,0,0,0,0,0
23563,1C4,0,0,0,0,0,0,0,205,0,0,0,0,0,0,0,0
23536,1C4,0,0,0,0,0,0,0,205,0,0,0,0,0,0,0,0
23722,1C4,0,0,0,0,0,0,0,205,0,0,0,0,0,0,0,0
23231,1C4,0,0,0,0,0,0,0,205,0,0,0,0,0,0,0,0
23556,1C4,0,0,0,0,0,0,0,205,0,0,0,0,0,0,0,0
23534,1C4,0,0,0,0,0,0,0,205,0,0,0,0,0,0,0,0
23566,1C4,0,0,0,0,0,0,0,205,0,0,0,0,0,0,0,0
23564,1C4,0,0,0,0,0,0,0,205,0,0,0,0,0,0,0,0
23541,1C4,0,0,0,0,0,0,0,205,0,0,0,0,0,0,0,0
23535,1C4,0,0,0,0,0,0,0,205,0,0,0,0,0,0,0,0
23536,1C4,0,0,0,0,0,0,0,205,0,0,0,0,0,0,0,0
23797,1C4,0,0,0,0,0,0,0,205,0,0,0,0,0,0,0,0
23487,1C4,0,0,0,0,0,0,0,205,0,0,0,0,0,0,0,0
23564,1C4,0,0,0,0,0,0,0,205,0,0,0,0,0,0,0,0
23536,1C4,0,0,0,0,0,0,0,205,0,0,0,0,0,0,0,0
23079,1C4,0,0,0,0,0,0,0,205,0,0,0,0,0,0,0,0
23536,1C4,0,0,0,0,0,0,0,205,0,0,0,0,0,0,0,0
23535,1C4,0,0,0,0,0,0,0,205,0,0,0,0,0,0,0,0
23569,1C4,0,0,0,0,0,0,0,205,0,0,0,0,0,0,0,0
23537,1C4,0,0,0,0,0,0,0,205,0,0,0,0,0,0,0,0
23789,1C4,0,0,0,0,0,0,0,205,0,0,0,0,0,0,0,0
23537,1C4,0,0,0,0,0,0,0,205,0,0,0,0,0,0,0,0
24081,1C4,0,0,0,0,0,0,0,205,0,0,0,0,0,0,0,0
23535,1C4,0,0,0,0,0,0,0,205,0,0,0,0,0,0,0,0
23539,1C4,0,0,0,0,0,0,0,205,0,0,0,0,0,0,0,0
23431,1C4,0,0,0,0,0,0,0,205,0,0,0,0,0,0,0,0
23564,1C4,0,0,0,0,0,0,0,205,0,0,0,0,0,0,0,0
23546,1C4,0,0,0,0,0,0,0,205,0,0,0,0,0,0,0,0
23536,1C4,0,0,0,0,0,0,0,205,0,0,0,0,0,0,0,0
23565,1C4,0,0,0,0,0,0,0,205,0,0,0,0,0,0,0,0
23575,1C4,0,0,0,0,0,0,0,205,0,0,0,0,0,0,0,0
23409,1C4,0,0,0,0,0,0,0,205,0,0,0,0,0,0,0,0
23052,1C4,0,0,0,0,0,0,0,205,0,0,0,0,0,0,0,0
23537,1C4,0,0,0,0,0,0,0,205,0,0,0,0,0,0,0,0
23558,1C4,0,0,0,0,0,0,0,205,0,0,0,0,0,0,0,0
23780,1C4,0,0,0,0,0,0,0,205,0,0,0,0,0,0,0,0
23533,1C4,0,0,0,0,0,0,0,205,0,0,0,0,0,0,0,0
23567,1C4,3,172,0,0,0,0,0,124,0,51,0,0,0,0,0,51
23583,1C4,7,64,0,0,0,0,0,20,0,-1,0,0,0,0,0,-1
23539,1C4,7,83,0,0,0,0,0,39,0,6,0,0,0,0,0,6
23530,1C4,7,218,0,0,0,0,0,174,0,3,0,0,0,0,0,3
23565,1C4,8,68,0,0,0,0,0,25,0,-4,0,0,0,0,0,-4
23561,1C4,7,171,0,0,0,0,0,127,0,-30,0,0,0,0,0,-30
22788,1C4,1,76,0,0,0,0,0,26,0,-52,0,0,0,0,0,-52
23537,1C4,0,0,0,0,0,0,0,205,0,0,0,0,0,0,0,0
23565,1C4,0,0,0,0,0,0,0,205,0,0,0,0,0,0,0,0
23576,1C4,0,0,0,0,0,0,0,205,0,0,0,0,0,0,0,0
23563,1C4,0,0,0,0,0,0,0,205,0,0,0,0,0,0,0,0
23491,1C4,0,0,0,0,0,0,0,205,0,0,0,0,0,0,0,0
23536,1C4,0,0,0,0,0,0,0,205,0,0,0,0,0,0,0,0
23565,1C4,0,0,0,0,0,0,0,205,0,0,0,0,0,0,0,0
23459,1C4,0,0,0,0,0,0,0,205,0,0,0,0,0,0,0,0
23567,1C4,0,0,0,0,0,0,0,205,0,0,0,0,0,0,0,0
23357,1C4,0,0,0,0,0,0,0,205,0,0,0,0,0,0,0,0
23516,1C4,0,0,0,0,0,0,0,205,0,0,0,0,0,0,0,0
23535,1C4,6,178,0,0,0,0,0,133,0,39,0,0,0,0,0,39
23566,1C4,9,28,0,0,0,0,0,242,0,-2,0,0,0,0,0,-2
23535,1C4,16,38,0,0,0,0,0,3,0,-14,0,0,0,0,0,-14
23562,1C4,13,142,0,0,0,0,0,104,0,-5,0,0,0,0,0,-5
23671,1C4,12,140,0,0,0,0,0,101,0,6,0,0,0,0,0,6
23537,1C4,12,123,0,0,0,0,0,84,0,8,0,0,0,0,0,8
23515,1C4,10,229,0,0,0,0,0,188,0,-4,0,0,0,0,0,-4
23541,1C4,10,217,0,0,0,0,0,176,0,5,0,0,0,0,0,5
23535,1C4,7,19,0,0,0,0,0,231,0,-37,0,0,0,0,0,219
23701,1C4,1,194,0,0,0,0,0,144,0,-39,0,0,0,0,0,-39
23535,1C4,12,87,0,0,0,0,0,48,0,26,0,0,0,0,0,26
23550,1C4,13,183,0,0,0,0,0,145,0,10,0,0,0,0,0,10
23750,1C4,15,6,0,0,0,0,0,226,1,-246,0,0,0,0,0,11
23563,1C4,15,140,0,0,0,0,0,104,0,4,0,0,0,0,0,4
23562,1C4,13,117,0,0,0,0,0,79,0,-45,0,0,0,0,0,-45
23374,1C4,11,174,0,0,0,0,0,134,0,7,0,0,0,0,0,7
22847,1C4,11,112,0,0,0,0,0,72,0,-9,0,0,0,0,0,-9
22817,1C4,8,17,0,0,0,0,0,230,0,-16,0,0,0,0,0,-16
23541,1C4,6,224,0,0,0,0,0,179,0,-16,0,0,0,0,0,-16
23565,1C4,7,33,0,0,0,0,0,245,0,11,0,0,0,0,0,11
23534,1C4,0,0,0,0,0,0,0,205,0,0,0,0,0,0,0,0
23571,1C4,0,0,0,0,0,0,0,205,0,0,0,0,0,0,0,0
23031,1C4,0,0,0,0,0,0,0,205,0,0,0,0,0,0,0,0
23560,1C4,7,153,0,0,0,0,0,109,0,25,0,0,0,0,0,25
23168,1C4,14,55,0,0,0,0,0,18,0,3,0,0,0,0,0,3
23744,1C4,16,133,0,0,0,0,0,98,0,-3,0,0,0,0,0,-3
23561,1C4,5,167,0,0,0,0,0,121,0,-12,0,0,0,0,0,-12
22956,1C4,0,0,0,0,0,0,0,205,0,0,0,0,0,0,0,0
23536,1C4,0,0,0,0,0,0,0,205,0,0,0,0,0,0,0,0
23534,1C4,0,0,0,0,0,0,0,205,0,0,0,0,0,0,0,0
23565,1C4,0,0,0,0,0,0,0,205,0,0,0,0,0,0,0,0
23579,1C4,0,0,0,0,0,0,0,205,0,0,0,0,0,0,0,0
23537,1C4,0,0,0,0,0,0,0,205,0,0,0,0,0,0,0,0
23303,1C4,1,82,0,0,0,0,0,32,0,0,0,0,0,0,0,0
23535,1C4,0,197,0,0,0,0,0,146,0,0,0,0,0,0,0,0
23564,1C4,0,0,0,0,0,0,0,205,0,0,0,0,0,0,0,0
23566,1C4,12,254,0,0,0,0,0,215,0,0,0,0,0,0,0,0
23537,1C4,14,25,0,0,0,0,0,244,0,14,0,0,0,0,0,14
23929,1C4,14,55,0,0,0,0,0,18,0,6,0,0,0,0,0,6
23563,1C4,13,90,0,0,0,0,0,52,0,2,0,0,0,0,0,2
24066,1C4,9,137,0,0,0,0,0,95,0,-19,0,0,0,0,0,-19
23566,1C4,9,199,0,0,0,0,0,157,0,-14,0,0,0,0,0,-14
23534,1C4,9,119,0,0,0,0,0,77,0,-18,0,0,0,0,0,-18
23536,1C4,1,38,0,0,0,0,0,244,0,0,0,0,0,0,0,0
23467,1C4,0,0,0,0,0,0,0,205,0,0,0,0,0,0,0,0
23567,1C4,5,110,0,0,0,0,0,64,0,48,0,0,0,0,0,48
23649,1C4,9,167,0,0,0,0,0,125,0,12,0,0,0,0,0,12
23535,1C4,9,184,0,0,0,0,0,142,0,0,0,0,0,0,0,0
23547,1C4,11,117,0,0,0,0,0,77,0,10,0,0,0,0,0,10
23536,1C4,11,157,0,0,0,0,0,117,0,7,0,0,0,0,0,7
23565,1C4,12,77,0,0,0,0,0,38,0,4,0,0,0,0,0,4
23565,1C4,12,158,0,0,0,0,0,119,0,7,0,0,0,0,0,7
22762,1C4,12,188,0,0,0,0,0,149,0,6,0,0,0,0,0,6
23542,1C4,12,202,0,0,0,0,0,163,0,7,0,0,0,0,0,7
23560,1C4,13,83,0,0,0,0,0,45,0,2,0,0,0,0,0,2
23561,1C4,13,145,0,0,0,0,0,107,0,-2,0,0,0,0,0,-2
23574,1C4,13,230,0,0,0,0,0,192,0,13,0,0,0,0,0,13
23536,1C4,14,33,0,0,0,0,0,252,0,6,0,0,0,0,0,6
23536,1C4,9,218,0,0,0,0,0,176,-1,216,0,0,0,0,0,-41
23538,1C4,0,0,0,0,0,0,0,205,0,0,0,0,0,0,0,0
23535,1C4,0,0,0,0,0,0,0,205,0,0,0,0,0,0,0,0
23487,1C4,4,67,0,0,0,0,0,20,1,-143,0,0,0,0,0,-142
23300,1C4,4,238,0,0,0,0,0,191,0,73,0,0,0,0,0,73
23976,1C4,6,15,0,0,0,0,0,226,1,-211,0,0,0,0,0,46
23565,1C4,9,201,0,0,0,0,0,159,0,-1,0,0,0,0,0,-1
23535,1C4,11,132,0,0,0,0,0,92,0,4,0,0,0,0,0,4
23549,1C4,10,201,0,0,0,0,0,160,0,1,0,0,0,0,0,1
23536,1C4,13,132,0,0,0,0,0,94,0,-5,0,0,0,0,0,-5
23541,1C4,13,201,0,0,0,0,0,163,0,3,0,0,0,0,0,3
23533,1C4,13,243,0,0,0,0,0,205,0,3,0,0,0,0,0,3
23535,1C4,15,15,0,0,0,0,0,235,0,0,0,0,0,0,0,0
23564,1C4,11,66,0,0,0,0,0,26,0,8,0,0,0,0,0,8
23535,1C4,0,0,0,0,0,0,0,205,0,0,0,0,0,0,0,0
23536,1C4,0,0,0,0,0,0,0,205,0,0,0,0,0,0,0,0
23903,1C4,11,36,0,0,0,0,0,252,0,36,0,0,0,0,0,36
23532,1C4,12,173,0,0,0,0,0,134,0,7,0,0,0,0,0,7
23560,1C4,12,229,0,0,0,0,0,190,0,7,0,0,0,0,0,7
23539,1C4,13,93,0,0,0,0,0,55,0,3,0,0,0,0,0,3
23535,1C4,15,71,0,0,0,0,0,35,0,9,0,0,0,0,0,9
23793,1C4,15,146,0,0,0,0,0,110,0,3,0,0,0,0,0,3
23532,1C4,15,224,0,0,0,0,0,188,0,-28,0,0,0,0,0,-28
23562,1C4,15,207,0,0,0,0,0,171,0,-17,0,0,0,0,0,-17
23565,1C4,14,189,0,0,0,0,0,152,0,0,0,0,0,0,0,0
23534,1C4,15,30,0,0,0,0,0,250,0,9,0,0,0,0,0,9
23534,1C4,15,18,0,0,0,0,0,238,0,12,0,0,0,0,0,12
23451,1C4,12,245,0,0,0,0,0,206,0,-2,0,0,0,0,0,-2
23235,1C4,13,49,0,0,0,0,0,11,0,4,0,0,0,0,0,4
23564,1C4,13,201,0,0,0,0,0,163,0,3,0,0,0,0,0,3
23563,1C4,13,110,0,0,0,0,0,72,0,-10,0,0,0,0,0,-10
23118,1C4,12,8,0,0,0,0,0,225,0,-4,0,0,0,0,0,-4
23537,1C4,10,129,0,0,0,0,0,88,0,3,0,0,0,0,0,3
23564,1C4,9,19,0,0,0,0,0,233,0,-1,0,0,0,0,0,-1
23538,1C4,0,146,0,0,0,0,0,95,0,0,0,0,0,0,0,0
23574,1C4,8,60,0,0,0,0,0,17,1,-187,0,0,0,0,0,-186
23564,1C4,10,251,0,0,0,0,0,210,0,34,0,0,0,0,0,34
23565,1C4,0,0,0,0,0,0,0,205,0,0,0,0,0,0,0,0
23535,1C4,0,0,0,0,0,0,0,205,0,0,0,0,0,0,0,0
23642,1C4,0,0,0,0,0,0,0,205,0,0,0,0,0,0,0,0
23533,1C4,0,0,0,0,0,0,0,205,0,0,0,0,0,0,0,0
23536,1C4,0,0,0,0,0,0,0,205,0,0,0,0,0,0,0,0
23537,1C4,0,0,0,0,0,0,0,205,0,0,0,0,0,0,0,0
23407,1C4,9,61,0,0,0,0,0,19,0,10,0,0,0,0,0,10
23538,1C4,5,55,0,0,0,0,0,9,0,-6,0,0,0,0,0,-6
23563,1C4,5,25,0,0,0,0,0,235,0,-1,0,0,0,0,0,-1
23554,1C4,2,214,0,0,0,0,0,165,-1,196,0,0,0,0,0,-61
23565,1C4,0,0,0,0,0,0,0,205,0,0,0,0,0,0,0,0
23564,1C4,0,0,0,0,0,0,0,205,0,0,0,0,0,0,0,0
23538,1C4,0,0,0,0,0,0,0,205,0,0,0,0,0,0,0,0
23736,1C4,0,0,0,0,0,0,0,205,0,0,0,0,0,0,0,0
23537,1C4,0,0,0,0,0,0,0,205,0,0,0,0,0,0,0,0
23565,1C4,0,0,0,0,0,0,0,205,0,0,0,0,0,0,0,0
23785,1C4,0,0,0,0,0,0,0,205,0,0,0,0,0,0,0,0
22720,1C4,0,0,0,0,0,0,0,205,0,0,0,0,0,0,0,0
24005,1C4,0,0,0,0,0,0,0,205,0,0,0,0,0,0,0,0
23072,1C4,0,0,0,0,0,0,0,205,0,0,0,0,0,0,0,0
23563,1C4,0,0,0,0,0,0,0,205,0,0,0,0,0,0,0,0
23533,1C4,0,0,0,0,0,0,0,205,0,0,0,0,0,0,0,0
23564,1C4,0,0,0,0,0,0,0,205,0,0,0,0,0,0,0,0
23569,1C4,0,0,0,0,0,0,0,205,0,0,0,0,0,0,0,0
23536,1C4,0,0,0,0,0,0,0,205,0,0,0,0,0,0,0,0
23597,1C4,0,0,0,0,0,0,0,205,0,0,0,0,0,0,0,0
23333,1C4,0,0,0,0,0,0,0,205,0,0,0,0,0,0,0,0
23997,1C4,0,0,0,0,0,0,0,205,0,0,0,0,0,0,0,0
23299,1C4,0,0,0,0,0,0,0,205,0,0,0,0,0,0,0,0
23565,1C4,0,0,0,0,0,0,0,205,0,0,0,0,0,0,0,0
23564,1C4,0,0,0,0,0,0,0,205,0,0,0,0,0,0,0,0
23564,1C4,0,0,0,0,0,0,0,205,0,0,0,0,0,0,0,0
23564,1C4,0,0,0,0,0,0,0,205,0,0,0,0,0,0,0,0
23410,1C4,0,0,0,0,0,0,0,205,0,0,0,0,0,0,0,0
23539,1C4,0,0,0,0,0,0,0,205,0,0,0,0,0,0,0,0
23568,1C4,0,0,0,0,0,0,0,205,0,0,0,0,0,0,0,0
23568,1C4,0,0,0,0,0,0,0,205,0,0,0,0,0,0,0,0
23566,1C4,0,0,0,0,0,0,0,205,0,0,0,0,0,0,0,0
23537,1C4,0,0,0,0,0,0,0,205,0,0,0,0,0,0,0,0
23565,1C4,0,0,0,0,0,0,0,205,0,0,0,0,0,0,0,0
23563,1C4,0,0,0,0,0,0,0,205,0,0,0,0,0,0,0,0
23564,1C4,0,0,0,0,0,0,0,205,0,0,0,0,0,0,0,0
23566,1C4,0,0,0,0,0,0,0,205,0,0,0,0,0,0,0,0
23563,1C4,0,0,0,0,0,0,0,205,0,0,0,0,0,0,0,0
23548,1C4,0,0,0,0,0,0,0,205,0,0,0,0,0,0,0,0
23802,1C4,0,0,0,0,0,0,0,205,0,0,0,0,0,0,0,0
23537,1C4,0,0,0,0,0,0,0,205,0,0,0,0,0,0,0,0
23565,1C4,0,0,0,0,0,0,0,205,0,0,0,0,0,0,0,0
23536,1C4,0,0,0,0,0,0,0,205,0,0,0,0,0,0,0,0
24407,1C4,0,0,0,0,0,0,0,205,0,0,0,0,0,0,0,0
23539,1C4,0,0,0,0,0,0,0,205,0,0,0,0,0,0,0,0
23579,1C4,0,0,0,0,0,0,0,205,0,0,0,0,0,0,0,0
23535,1C4,0,0,0,0,0,0,0,205,0,0,0,0,0,0,0,0
23564,1C4,0,0,0,0,0,0,0,205,0,0,0,0,0,0,0,0
23319,1C4,0,0,0,0,0,0,0,205,0,0,0,0,0,0,0,0
23535,1C4,0,0,0,0,0,0,0,205,0,0,0,0,0,0,0,0
23536,1C4,0,0,0,0,0,0,0,205,0,0,0,0,0,0,0,0
23714,1C4,0,0,0,0,0,0,0,205,0,0,0,0,0,0,0,0
23720,1C4,0,0,0,0,0,0,0,205,0,0,0,0,0,0,0,0
23535,1C4,0,0,0,0,0,0,0,205,0,0,0,0,0,0,0,0
23483,1C4,0,0,0,0,0,0,0,205,0,0,0,0,0,0,0,0
23812,1C4,0,0,0,0,0,0,0,205,0,0,0,0,0,0,0,0
23564,1C4,0,0,0,0,0,0,0,205,0,0,0,0,0,0,0,0
23538,1C4,0,0,0,0,0,0,0,205,0,0,0,0,0,0,0,0
23565,1C4,0,0,0,0,0,0,0,205,0,0,0,0,0,0,0,0
23535,1C4,0,0,0,0,0,0,0,205,0,0,0,0,0,0,0,0
23603,1C4,0,0,0,0,0,0,0,205,0,0,0,0,0,0,0,0
23566,1C4,0,0,0,0,0,0,0,205,0,0,0,0,0,0,0,0
23768,1C4,0,0,0,0,0,0,0,205,0,0,0,0,0,0,0,0
23535,1C4,0,0,0,0,0,0,0,205,0,0,0,0,0,0,0,0
23564,1C4,0,0,0,0,0,0,0,205,0,0,0,0,0,0,0,0
23536,1C4,0,0,0,0,0,0,0,205,0,0,0,0,0,0,0,0
23536,1C4,5,15,0,0,0,0,0,225,1,-170,0,0,0,0,0,87
17839 ,1C4,27,88,0,0,0,0,0,87,21,-39,0,0,0,0,0,5
7334 ,1C4,27,88,0,0,0,0,0,87,21,-44,0,0,0,0,0,0
884 ,1C4,27,88,0,0,0,0,0,87,21,-33,0,0,0,0,0,11
14476 ,1C4,27,88,0,0,0,0,0,87,21,-44,0,0,0,0,0,0
9759 ,1C4,27,88,0,0,0,0,0,87,19,-25,0,0,0,0,0,17
5597 ,1C4,27,88,0,0,0,0,0,87,21,-43,0,0,0,0,0,1
6145 ,1C4,27,88,0,0,0,0,0,87,21,-39,0,0,0,0,0,5
19003 ,1C4,27,88,0,0,0,0,0,87,21,-36,0,0,0,0,0,8
3832 ,1C4,27,88,0,0,0,0,0,87,21,13,0,0,0,0,0,57
12047 ,1C4,27,88,0,0,0,0,0,87,21,-43,0,0,0,0,0,1
7016 ,1C4,27,88,0,0,0,0,0,87,21,-26,0,0,0,0,0,18
22411 ,1C4,27,88,0,0,0,0,0,87,19,-67,0,0,0,0,0,-25
5580 ,1C4,27,88,0,0,0,0,0,87,21,-35,0,0,0,0,0,9
3034 ,1C4,27,88,0,0,0,0,0,87,19,64,0,0,0,0,0,-150
12863 ,1C4,27,88,0,0,0,0,0,87,18,52,0,0,0,0,0,-163
17448 ,1C4,27,88,0,0,0,0,0,87,21,-44,0,0,0,0,0,0
7958 ,1C4,27,88,0,0,0,0,0,87,21,-44,0,0,0,0,0,0
17816 ,1C4,27,88,0,0,0,0,0,87,21,-41,0,0,0,0,0,3
3572 ,1C4,27,88,0,0,0,0,0,87,19,-120,0,0,0,0,0,-78
6507 ,1C4,27,88,0,0,0,0,0,87,21,-35,0,0,0,0,0,9
17445 ,1C4,27,88,0,0,0,0,0,87,18,66,0,0,0,0,0,-149
12597 ,1C4,27,88,0,0,0,0,0,87,18,54,0,0,0,0,0,-161
9912 ,1C4,27,88,0,0,0,0,0,87,21,-39,0,0,0,0,0,5
16494 ,1C4,27,88,0,0,0,0,0,87,19,-98,0,0,0,0,0,-56
10839 ,1C4,27,88,0,0,0,0,0,87,19,62,0,0,0,0,0,-152
18097 ,1C4,27,88,0,0,0,0,0,87,21,-41,0,0,0,0,0,3
20188 ,1C4,27,88,0,0,0,0,0,87,21,-116,0,0,0,0,0,-72
6254 ,1C4,27,88,0,0,0,0,0,87,21,-51,0,0,0,0,0,-7
22534 ,1C4,27,88,0,0,0,0,0,87,21,-28,0,0,0,0,0,16
20132 ,1C4,27,88,0,0,0,0,0,87,22,-101,0,0,0,0,0,-56
6507 ,1C4,27,88,0,0,0,0,0,87,21,-43,0,0,0,0,0,1
221 ,1C4,27,88,0,0,0,0,0,87,21,-42,0,0,0,0,0,2
10720 ,1C4,27,88,0,0,0,0,0,87,21,-40,0,0,0,0,0,4
3720 ,1C4,27,88,0,0,0,0,0,87,21,-38,0,0,0,0,0,6
13351 ,1C4,27,88,0,0,0,0,0,87,19,-165,0,0,0,0,0,-123
14216 ,1C4,27,88,0,0,0,0,0,87,18,54,0,0,0,0,0,-161
18915 ,1C4,27,88,0,0,0,0,0,87,21,-47,0,0,0,0,0,-3
1627 ,1C4,27,88,0,0,0,0,0,87,21,-36,0,0,0,0,0,8
19330 ,1C4,27,88,0,0,0,0,0,87,20,48,0,0,0,0,0,-165
5306 ,1C4,27,88,0,0,0,0,0,87,21,-105,0,0,0,0,0,-61
17024 ,1C4,27,88,0,0,0,0,0,87,18,40,0,0,0,0,0,81
14219 ,1C4,27,88,0,0,0,0,0,87,21,-41,0,0,0,0,0,3
4767 ,1C4,27,88,0,0,0,0,0,87,21,-36,0,0,0,0,0,8
3990 ,1C4,27,88,0,0,0,0,0,87,21,-41,0,0,0,0,0,3
12866 ,1C4,27,88,0,0,0,0,0,87,19,-131,0,0,0,0,0,-89
18919 ,1C4,27,88,0,0,0,0,0,87,21,-45,0,0,0,0,0,-1
18642 ,1C4,27,88,0,0,0,0,0,87,21,-36,0,0,0,0,0,8
1949 ,1C4,27,88,0,0,0,0,0,87,19,-19,0,0,0,0,0,23
11366 ,1C4,27,88,0,0,0,0,0,87,21,-41,0,0,0,0,0,3
6531 ,1C4,27,88,0,0,0,0,0,87,21,-39,0,0,0,0,0,5
12604 ,1C4,27,88,0,0,0,0,0,87,21,-41,0,0,0,0,0,3
23374 ,1C4,27,88,0,0,0,0,0,87,21,-44,0,0,0,0,0,0
14696 ,1C4,27,88,0,0,0,0,0,87,21,-37,0,0,0,0,0,7
1823 ,1C4,27,88,0,0,0,0,0,87,21,-34,0,0,0,0,0,10
20784 ,1C4,27,88,0,0,0,0,0,87,21,-43,0,0,0,0,0,1
2221 ,1C4,27,88,0,0,0,0,0,87,18,40,0,0,0,0,0,81
8296 ,1C4,27,88,0,0,0,0,0,87,19,-16,0,0,0,0,0,26
6922 ,1C4,27,88,0,0,0,0,0,87,21,-39,0,0,0,0,0,5
8804 ,1C4,27,88,0,0,0,0,0,87,21,-20,0,0,0,0,0,24
11380 ,1C4,27,88,0,0,0,0,0,87,21,-40,0,0,0,0,0,4
2917 ,1C4,27,88,0,0,0,0,0,87,21,-39,0,0,0,0,0,5
9886 ,1C4,27,88,0,0,0,0,0,87,21,-42,0,0,0,0,0,2
5876 ,1C4,27,88,0,0,0,0,0,87,19,-113,0,0,0,0,0,-71
8019 ,1C4,27,88,0,0,0,0,0,87,22,-116,0,0,0,0,0,-71
15688 ,1C4,27,88,0,0,0,0,0,87,19,-68,0,0,0,0,0,-26
2610 ,1C4,27,88,0,0,0,0,0,87,21,-96,0,0,0,0,0,-52
2086 ,1C4,27,88,0,0,0,0,0,87,21,-38,0,0,0,0,0,6
17763 ,1C4,27,88,0,0,0,0,0,87,20,-147,0,0,0,0,0,-104
5310 ,1C4,27,88,0,0,0,0,0,87,19,-113,0,0,0,0,0,-71
4254 ,1C4,27,88,0,0,0,0,0,87,21,-40,0,0,0,0,0,4
15554 ,1C4,27,88,0,0,0,0,0,87,21,-40,0,0,0,0,0,4
11530 ,1C4,27,88,0,0,0,0,0,87,21,-43,0,0,0,0,0,1
3034 ,1C4,27,88,0,0,0,0,0,87,21,-44,0,0,0,0,0,0
12689 ,1C4,27,88,0,0,0,0,0,87,21,-53,0,0,0,0,0,-9
12875 ,1C4,27,88,0,0,0,0,0,87,21,-40,0,0,0,0,0,4
14223 ,1C4,27,88,0,0,0,0,0,87,21,-38,0,0,0,0,0,6
16493 ,1C4,27,88,0,0,0,0,0,87,21,-35,0,0,0,0,0,9
5334 ,1C4,27,88,0,0,0,0,0,87,21,-43,0,0,0,0,0,1
1551 ,1C4,27,88,0,0,0,0,0,87,21,-92,0,0,0,0,0,-48
3707 ,1C4,27,88,0,0,0,0,0,87,21,-42,0,0,0,0,0,2
18523 ,1C4,27,88,0,0,0,0,0,87,19,-69,0,0,0,0,0,-27
21311 ,1C4,27,88,0,0,0,0,0,87,18,59,0,0,0,0,0,-156
16889 ,1C4,27,88,0,0,0,0,0,87,21,-51,0,0,0,0,0,-7
15718 ,1C4,27,88,0,0,0,0,0,87,21,-40,0,0,0,0,0,4
8419 ,1C4,27,88,0,0,0,0,0,87,21,-45,0,0,0,0,0,-1
22641 ,1C4,27,88,0,0,0,0,0,87,19,62,0,0,0,0,0,-152
14548 ,1C4,27,88,0,0,0,0,0,87,21,-44,0,0,0,0,0,0
4095 ,1C4,27,88,0,0,0,0,0,87,21,-37,0,0,0,0,0,7
19055 ,1C4,27,88,0,0,0,0,0,87,21,-36,0,0,0,0,0,8
5571 ,1C4,27,88,0,0,0,0,0,87,21,-134,0,0,0,0,0,-90
7286 ,1C4,27,88,0,0,0,0,0,87,21,-42,0,0,0,0,0,2
22278 ,1C4,27,88,0,0,0,0,0,87,21,-71,0,0,0,0,0,-27
21718 ,1C4,27,88,0,0,0,0,0,87,21,-41,0,0,0,0,0,3
21339 ,1C4,27,88,0,0,0,0,0,87,19,-62,0,0,0,0,0,-20
44 ,1C4,27,88,0,0,0,0,0,87,21,-24,0,0,0,0,0,20
10567 ,1C4,27,88,0,0,0,0,0,87,21,-43,0,0,0,0,0,1
15921 ,1C4,27,88,0,0,0,0,0,87,21,-111,0,0,0,0,0,-67
2642 ,1C4,27,88,0,0,0,0,0,87,21,-43,0,0,0,0,0,1
1642 ,1C4,27,88,0,0,0,0,0,87,19,-101,0,0,0,0,0,-59
6927 ,1C4,27,88,0,0,0,0,0,87,19,-110,0,0,0,0,0,-68
20389 ,1C4,27,88,0,0,0,0,0,87,21,-52,0,0,0,0,0,-8
16319 ,1C4,27,88,0,0,0,0,0,87,21,-19,0,0,0,0,0,25
12322 ,1C4,27,88,0,0,0,0,0,87,21,-53,0,0,0,0,0,-9
19774 ,1C4,27,88,0,0,0,0,0,87,21,-41,0,0,0,0,0,3
14876 ,1C4,27,88,0,0,0,0,0,87,20,-37,0,0,0,0,0,6
18741 ,1C4,27,88,0,0,0,0,0,87,21,-32,0,0,0,0,0,12
1233 ,1C4,27,88,0,0,0,0,0,87,21,-5,0,0,0,0,0,39
1011 ,1C4,27,88,0,0,0,0,0,87,21,-41,0,0,0,0,0,3
20947 ,1C4,27,88,0,0,0,0,0,87,21,-39,0,0,0,0,0,5
72 ,1C4,27,88,0,0,0,0,0,87,21,-41,0,0,0,0,0,3
18927 ,1C4,27,88,0,0,0,0,0,87,21,-40,0,0,0,0,0,4
20943 ,1C4,27,88,0,0,0,0,0,87,19,-85,0,0,0,0,0,-43
9216 ,1C4,27,88,0,0,0,0,0,87,21,-38,0,0,0,0,0,6
1150 ,1C4,27,88,0,0,0,0,0,87,19,58,0,0,0,0,0,-156
19397 ,1C4,27,88,0,0,0,0,0,87,21,-14,0,0,0,0,0,30
21423 ,1C4,27,88,0,0,0,0,0,87,21,-52,0,0,0,0,0,-8
20405 ,1C4,27,88,0,0,0,0,0,87,21,-36,0,0,0,0,0,8
5459 ,1C4,27,88,0,0,0,0,0,87,21,-106,0,0,0,0,0,-62
19548 ,1C4,27,88,0,0,0,0,0,87,21,-39,0,0,0,0,0,5
14856 ,1C4,27,88,0,0,0,0,0,87,21,-44,0,0,0,0,0,0
18515 ,1C4,27,88,0,0,0,0,0,87,22,-117,0,0,0,0,0,-72
5607 ,1C4,27,88,0,0,0,0,0,87,21,-42,0,0,0,0,0,2
18195 ,1C4,27,88,0,0,0,0,0,87,18,58,0,0,0,0,0,-157
21919 ,1C4,27,88,0,0,0,0,0,87,19,64,0,0,0,0,0,-150
2673 ,1C4,27,88,0,0,0,0,0,87,19,-16,0,0,0,0,0,26
20408 ,1C4,27,88,0,0,0,0,0,87,21,-114,0,0,0,0,0,-70
4062 ,1C4,27,88,0,0,0,0,0,87,21,-46,0,0,0,0,0,-2
21715 ,1C4,27,88,0,0,0,0,0,87,21,-93,0,0,0,0,0,-49
22894 ,1C4,27,88,0,0,0,0,0,87,21,-20,0,0,0,0,0,24
586 ,1C4,27,88,0,0,0,0,0,87,21,-90,0,0,0,0,0,-46
1960 ,1C4,27,88,0,0,0,0,0,87,21,-50,0,0,0,0,0,-6
23092 ,1C4,27,88,0,0,0,0,0,87,19,50,0,0,0,0,0,-164
11884 ,1C4,27,88,0,0,0,0,0,87,21,-40,0,0,0,0,0,4
6143 ,1C4,27,88,0,0,0,0,0,87,20,-52,0,0,0,0,0,-9
20524 ,1C4,27,88,0,0,0,0,0,87,21,-42,0,0,0,0,0,2
11586 ,1C4,27,88,0,0,0,0,0,87,21,-46,0,0,0,0,0,-2
9326 ,1C4,27,88,0,0,0,0,0,87,21,-47,0,0,0,0,0,-3
23195 ,1C4,27,88,0,0,0,0,0,87,21,-50,0,0,0,0,0,-6
9438 ,1C4,27,88,0,0,0,0,0,87,21,-81,0,0,0,0,0,-37
7333 ,1C4,27,88,0,0,0,0,0,87,18,54,0,0,0,0,0,-161
12727 ,1C4,27,88,0,0,0,0,0,87,21,-42,0,0,0,0,0,2
17442 ,1C4,27,88,0,0,0,0,0,87,21,-40,0,0,0,0,0,4
5996 ,1C4,27,88,0,0,0,0,0,87,21,-39,0,0,0,0,0,5
11997 ,1C4,27,88,0,0,0,0,0,87,21,-28,0,0,0,0,0,16
19182 ,1C4,27,88,0,0,0,0,0,87,20,-71,0,0,0,0,0,-28
12183 ,1C4,27,88,0,0,0,0,0,87,18,68,0,0,0,0,0,-147
19841 ,1C4,27,88,0,0,0,0,0,87,21,-26,0,0,0,0,0,18
19792 ,1C4,27,88,0,0,0,0,0,87,21,-40,0,0,0,0,0,4
2199 ,1C4,27,88,0,0,0,0,0,87,21,-42,0,0,0,0,0,2
2472 ,1C4,27,88,0,0,0,0,0,87,21,-28,0,0,0,0,0,16
14071 ,1C4,27,88,0,0,0,0,0,87,21,-40,0,0,0,0,0,4
22351 ,1C4,27,88,0,0,0,0,0,87,21,-51,0,0,0,0,0,-7
15828 ,1C4,27,88,0,0,0,0,0,87,19,-55,0,0,0,0,0,-13
8105 ,1C4,27,88,0,0,0,0,0,87,21,-42,0,0,0,0,0,2
4909 ,1C4,27,88,0,0,0,0,0,87,19,-36,0,0,0,0,0,6
6779 ,1C4,27,88,0,0,0,0,0,87,21,-45,0,0,0,0,0,-1
12833 ,1C4,27,88,0,0,0,0,0,87,21,-41,0,0,0,0,0,3
5444 ,1C4,27,88,0,0,0,0,0,87,21,-44,0,0,0,0,0,0
8056 ,1C4,27,88,0,0,0,0,0,87,21,-39,0,0,0,0,0,5
6524 ,1C4,27,88,0,0,0,0,0,87,21,-34,0,0,0,0,0,10
14879 ,1C4,27,88,0,0,0,0,0,87,19,-137,0,0,0,0,0,-95
14329 ,1C4,27,88,0,0,0,0,0,87,19,-18,0,0,0,0,0,24
10005 ,1C4,27,88,0,0,0,0,0,87,21,-42,0,0,0,0,0,2
6148 ,1C4,27,88,0,0,0,0,0,87,19,-61,0,0,0,0,0,-19
20783 ,1C4,27,88,0,0,0,0,0,87,21,-45,0,0,0,0,0,-1
7752 ,1C4,27,88,0,0,0,0,0,87,18,53,0,0,0,0,0,-162
3946 ,1C4,27,88,0,0,0,0,0,87,19,-43,0,0,0,0,0,-1
15676 ,1C4,27,88,0,0,0,0,0,87,22,-90,0,0,0,0,0,-45
10448 ,1C4,27,88,0,0,0,0,0,87,21,-41,0,0,0,0,0,3
2643 ,1C4,27,88,0,0,0,0,0,87,17,-2,0,0,0,0,0,38
15995 ,1C4,27,88,0,0,0,0,0,87,21,-87,0,0,0,0,0,-43
5877 ,1C4,27,88,0,0,0,0,0,87,21,-39,0,0,0,0,0,5
5967 ,1C4,27,88,0,0,0,0,0,87,21,-26,0,0,0,0,0,18
11107 ,1C4,27,88,0,0,0,0,0,87,21,-42,0,0,0,0,0,2
13105 ,1C4,27,88,0,0,0,0,0,87,21,-89,0,0,0,0,0,-45
21292 ,1C4,27,88,0,0,0,0,0,87,21,-57,0,0,0,0,0,-13
9367 ,1C4,27,88,0,0,0,0,0,87,21,-42,0,0,0,0,0,2
18245 ,1C4,27,88,0,0,0,0,0,87,22,-73,0,0,0,0,0,-28
14069 ,1C4,27,88,0,0,0,0,0,87,21,-42,0,0,0,0,0,2
12858 ,1C4,27,88,0,0,0,0,0,87,21,84,0,0,0,0,0,-128
18519 ,1C4,27,88,0,0,0,0,0,87,21,-36,0,0,0,0,0,8
4471 ,1C4,27,88,0,0,0,0,0,87,21,-32,0,0,0,0,0,12
21557 ,1C4,27,88,0,0,0,0,0,87,21,-47,0,0,0,0,0,-3
14060 ,1C4,27,88,0,0,0,0,0,87,21,-60,0,0,0,0,0,-16
19331 ,1C4,27,88,0,0,0,0,0,87,21,-44,0,0,0,0,0,0
10986 ,1C4,27,88,0,0,0,0,0,87,19,-51,0,0,0,0,0,-9
2871 ,1C4,27,88,0,0,0,0,0,87,21,-31,0,0,0,0,0,13
6793 ,1C4,27,88,0,0,0,0,0,87,22,-140,0,0,0,0,0,-95
17125 ,1C4,27,88,0,0,0,0,0,87,21,-46,0,0,0,0,0,-2
22346 ,1C4,27,88,0,0,0,0,0,87,21,-43,0,0,0,0,0,1
12713 ,1C4,27,88,0,0,0,0,0,87,21,-38,0,0,0,0,0,6
5715 ,1C4,27,88,0,0,0,0,0,87,21,-34,0,0,0,0,0,10
1285 ,1C4,27,88,0,0,0,0,0,87,21,-40,0,0,0,0,0,4
3574 ,1C4,27,88,0,0,0,0,0,87,21,-34,0,0,0,0,0,10
19867 ,1C4,27,88,0,0,0,0,0,87,21,-147,0,0,0,0,0,-103
6534 ,1C4,27,88,0,0,0,0,0,87,21,-40,0,0,0,0,0,4
19798 ,1C4,27,88,0,0,0,0,0,87,21,-44,0,0,0,0,0,0
18167 ,1C4,27,88,0,0,0,0,0,87,19,71,0,0,0,0,0,-143
4774 ,1C4,27,88,0,0,0,0,0,87,21,-43,0,0,0,0,0,1
8568 ,1C4,27,88,0,0,0,0,0,87,21,-36,0,0,0,0,0,8
12258 ,1C4,27,88,0,0,0,0,0,87,21,-39,0,0,0,0,0,5
13798 ,1C4,27,88,0,0,0,0,0,87,21,-41,0,0,0,0,0,3
18643 ,1C4,27,88,0,0,0,0,0,87,21,-101,0,0,0,0,0,-57
14732 ,1C4,27,88,0,0,0,0,0,87,21,-38,0,0,0,0,0,6
21872 ,1C4,27,88,0,0,0,0,0,87,21,-38,0,0,0,0,0,6
20126 ,1C4,27,88,0,0,0,0,0,87,21,-41,0,0,0,0,0,3
8146 ,1C4,27,88,0,0,0,0,0,87,21,-68,0,0,0,0,0,-24
8485 ,1C4,27,88,0,0,0,0,0,87,21,-42,0,0,0,0,0,2
17986 ,1C4,27,88,0,0,0,0,0,87,19,-1,0,0,0,0,0,41
17276 ,1C4,27,88,0,0,0,0,0,87,21,-43,0,0,0,0,0,1
4106 ,1C4,27,88,0,0,0,0,0,87,18,64,0,0,0,0,0,-151
22953 ,1C4,27,88,0,0,0,0,0,87,19,51,0,0,0,0,0,-163
20120 ,1C4,27,88,0,0,0,0,0,87,21,-74,0,0,0,0,0,-30
3273 ,1C4,27,88,0,0,0,0,0,87,21,-30,0,0,0,0,0,14
15280 ,1C4,27,88,0,0,0,0,0,87,20,41,0,0,0,0,0,84
14864 ,1C4,27,88,0,0,0,0,0,87,21,-31,0,0,0,0,0,13
1684 ,1C4,27,88,0,0,0,0,0,87,21,-41,0,0,0,0,0,3
19441 ,1C4,27,88,0,0,0,0,0,87,19,88,0,0,0,0,0,-126
22660 ,1C4,27,88,0,0,0,0,0,87,21,-35,0,0,0,0,0,9
7734 ,1C4,27,88,0,0,0,0,0,87,21,-33,0,0,0,0,0,11
22934 ,1C4,27,88,0,0,0,0,0,87,21,-40,0,0,0,0,0,4
18616 ,1C4,27,88,0,0,0,0,0,87,21,-42,0,0,0,0,0,2
15946 ,1C4,27,88,0,0,0,0,0,87,19,19,0,0,0,0,0,61
11708 ,1C4,27,88,0,0,0,0,0,87,21,-40,0,0,0,0,0,4
10549 ,1C4,27,88,0,0,0,0,0,87,21,-137,0,0,0,0,0,-93
14325 ,1C4,27,88,0,0,0,0,0,87,21,-40,0,0,0,0,0,4
20143 ,1C4,27,88,0,0,0,0,0,87,21,-43,0,0,0,0,0,1
7760 ,1C4,27,88,0,0,0,0,0,87,19,-105,0,0,0,0,0,-63
19778 ,1C4,27,88,0,0,0,0,0,87,21,-42,0,0,0,0,0,2
9223 ,1C4,27,88,0,0,0,0,0,87,21,-40,0,0,0,0,0,4
17407 ,1C4,27,88,0,0,0,0,0,87,21,-93,0,0,0,0,0,-49
8571 ,1C4,27,88,0,0,0,0,0,87,21,-44,0,0,0,0,0,0
17993 ,1C4,27,88,0,0,0,0,0,87,21,-41,0,0,0,0,0,3
8657 ,1C4,27,88,0,0,0,0,0,87,21,-14,0,0,0,0,0,30
19452 ,1C4,27,88,0,0,0,0,0,87,18,38,0,0,0,0,0,79
17246 ,1C4,27,88,0,0,0,0,0,87,21,-46,0,0,0,0,0,-2
9082 ,1C4,27,88,0,0,0,0,0,87,21,-103,0,0,0,0,0,-59
6531 ,1C4,27,88,0,0,0,0,0,87,19,-20,0,0,0,0,0,22
4370 ,1C4,27,88,0,0,0,0,0,87,21,-40,0,0,0,0,0,4
10970 ,1C4,27,88,0,0,0,0,0,87,21,-36,0,0,0,0,0,8
2351 ,1C4,27,88,0,0,0,0,0,87,20,-115,0,0,0,0,0,-72
17222 ,1C4,27,88,0,0,0,0,0,87,20,-110,0,0,0,0,0,-67
3456 ,1C4,27,88,0,0,0,0,0,87,19,-10,0,0,0,0,0,32
12240 ,1C4,27,88,0,0,0,0,0,87,21,-41,0,0,0,0,0,3
19047 ,1C4,27,88,0,0,0,0,0,87,21,-43,0,0,0,0,0,1
16762 ,1C4,27,88,0,0,0,0,0,87,20,-122,0,0,0,0,0,-79
261 ,1C4,27,88,0,0,0,0,0,87,21,-36,0,0,0,0,0,8
21321 ,1C4,27,88,0,0,0,0,0,87,21,-47,0,0,0,0,0,-3
16734 ,1C4,27,88,0,0,0,0,0,87,21,-42,0,0,0,0,0,2
6927 ,1C4,27,88,0,0,0,0,0,87,21,-38,0,0,0,0,0,6
1145 ,1C4,27,88,0,0,0,0,0,87,19,64,0,0,0,0,0,-150
7224 ,1C4,27,88,0,0,0,0,0,87,21,-37,0,0,0,0,0,7
16734 ,1C4,27,88,0,0,0,0,0,87,21,-33,0,0,0,0,0,11
20496 ,1C4,27,88,0,0,0,0,0,87,21,-37,0,0,0,0,0,7
15014 ,1C4,27,88,0,0,0,0,0,87,22,-118,0,0,0,0,0,-73
4084 ,1C4,27,88,0,0,0,0,0,87,19,41,0,0,0,0,0,83
18356 ,1C4,27,88,0,0,0,0,0,87,21,-62,0,0,0,0,0,-18
11198 ,1C4,27,88,0,0,0,0,0,87,21,-36,0,0,0,0,0,8
13788 ,1C4,27,88,0,0,0,0,0,87,21,-43,0,0,0,0,0,1
11644 ,1C4,27,88,0,0,0,0,0,87,21,-96,0,0,0,0,0,-52
5865 ,1C4,27,88,0,0,0,0,0,87,21,-46,0,0,0,0,0,-2
6778 ,1C4,27,88,0,0,0,0,0,87,21,-36,0,0,0,0,0,8
10017 ,1C4,27,88,0,0,0,0,0,87,21,-46,0,0,0,0,0,-2
8798 ,1C4,27,88,0,0,0,0,0,87,21,-100,0,0,0,0,0,-56
9915 ,1C4,27,88,0,0,0,0,0,87,18,68,0,0,0,0,0,-147
4240 ,1C4,27,88,0,0,0,0,0,87,21,-41,0,0,0,0,0,3
17028 ,1C4,27,88,0,0,0,0,0,87,21,-43,0,0,0,0,0,1
2368 ,1C4,27,88,0,0,0,0,0,87,21,-39,0,0,0,0,0,5
6398 ,1C4,27,88,0,0,0,0,0,87,19,82,0,0,0,0,0,-132
12187 ,1C4,27,88,0,0,0,0,0,87,21,-43,0,0,0,0,0,1
10059 ,1C4,27,88,0,0,0,0,0,87,21,-43,0,0,0,0,0,1
13403 ,1C4,27,88,0,0,0,0,0,87,20,-136,0,0,0,0,0,-93
16098 ,1C4,27,88,0,0,0,0,0,87,21,-43,0,0,0,0,0,1
3296 ,1C4,27,88,0,0,0,0,0,87,21,-40,0,0,0,0,0,4
2999 ,1C4,27,88,0,0,0,0,0,87,21,-36,0,0,0,0,0,8
18525 ,1C4,27,88,0,0,0,0,0,87,21,-127,0,0,0,0,0,-83
9375 ,1C4,27,88,0,0,0,0,0,87,21,-40,0,0,0,0,0,4
3725 ,1C4,27,88,0,0,0,0,0,87,21,-39,0,0,0,0,0,5
1834 ,1C4,27,88,0,0,0,0,0,87,19,-127,0,0,0,0,0,-85
15910 ,1C4,27,88,0,0,0,0,0,87,21,-2,0,0,0,0,0,42
1929 ,1C4,27,88,0,0,0,0,0,87,21,-30,0,0,0,0,0,14
13243 ,1C4,27,88,0,0,0,0,0,87,21,-38,0,0,0,0,0,6
14213 ,1C4,27,88,0,0,0,0,0,87,19,13,0,0,0,0,0,55
4894 ,1C4,27,88,0,0,0,0,0,87,21,-45,0,0,0,0,0,-1
4253 ,1C4,27,88,0,0,0,0,0,87,21,-40,0,0,0,0,0,4
8402 ,1C4,27,88,0,0,0,0,0,87,19,-146,0,0,0,0,0,-104
4125 ,1C4,27,88,0,0,0,0,0,87,19,-32,0,0,0,0,0,10
17153 ,1C4,27,88,0,0,0,0,0,87,18,34,0,0,0,0,0,75
7487 ,1C4,27,88,0,0,0,0,0,87,21,-39,0,0,0,0,0,5
14846 ,1C4,27,88,0,0,0,0,0,87,21,-20,0,0,0,0,0,24
8022 ,1C4,27,88,0,0,0,0,0,87,17,44,0,0,0,0,0,84
7223 ,1C4,27,88,0,0,0,0,0,87,19,63,0,0,0,0,0,-151
7879 ,1C4,27,88,0,0,0,0,0,87,19,-150,0,0,0,0,0,-108
9052 ,1C4,27,88,0,0,0,0,0,87,21,-46,0,0,0,0,0,-2
15294 ,1C4,27,88,0,0,0,0,0,87,19,60,0,0,0,0,0,-154
8300 ,1C4,27,88,0,0,0,0,0,87,21,-40,0,0,0,0,0,4
9070 ,1C4,27,88,0,0,0,0,0,87,21,-105,0,0,0,0,0,-61
2059 ,1C4,27,88,0,0,0,0,0,87,21,-39,0,0,0,0,0,5
1407 ,1C4,27,88,0,0,0,0,0,87,21,-37,0,0,0,0,0,7
10178 ,1C4,27,88,0,0,0,0,0,87,21,-41,0,0,0,0,0,3
10026 ,1C4,27,88,0,0,0,0,0,87,21,-94,0,0,0,0,0,-50
3179 ,1C4,27,88,0,0,0,0,0,87,18,44,0,0,0,0,0,85
21338 ,1C4,27,88,0,0,0,0,0,87,21,-43,0,0,0,0,0,1
20523 ,1C4,27,88,0,0,0,0,0,87,18,40,0,0,0,0,0,81
10598 ,1C4,27,88,0,0,0,0,0,87,21,-10,0,0,0,0,0,34
18783 ,1C4,27,88,0,0,0,0,0,87,21,-41,0,0,0,0,0,3
17702 ,1C4,27,88,0,0,0,0,0,87,22,-136,0,0,0,0,0,-91
9173 ,1C4,27,88,0,0,0,0,0,87,21,-32,0,0,0,0,0,12
15625 ,1C4,27,88,0,0,0,0,0,87,21,-30,0,0,0,0,0,14
11226 ,1C4,27,88,0,0,0,0,0,87,21,-28,0,0,0,0,0,16
11626 ,1C4,27,88,0,0,0,0,0,87,21,-57,0,0,0,0,0,-13
15020 ,1C4,27,88,0,0,0,0,0,87,21,-46,0,0,0,0,0,-2
12607 ,1C4,27,88,0,0,0,0,0,87,21,-46,0,0,0,0,0,-2
6805 ,1C4,27,88,0,0,0,0,0,87,21,-40,0,0,0,0,0,4
867 ,1C4,27,88,0,0,0,0,0,87,21,-44,0,0,0,0,0,0
11368 ,1C4,27,88,0,0,0,0,0,87,19,-139,0,0,0,0,0,-97
22404 ,1C4,27,88,0,0,0,0,0,87,21,-39,0,0,0,0,0,5
6084 ,1C4,27,88,0,0,0,0,0,87,21,-23,0,0,0,0,0,21
22027 ,1C4,27,88,0,0,0,0,0,87,21,-32,0,0,0,0,0,12
1151 ,1C4,27,88,0,0,0,0,0,87,18,49,0,0,0,0,0,-166
217 ,1C4,27,88,0,0,0,0,0,87,19,-123,0,0,0,0,0,-81
11651 ,1C4,27,88,0,0,0,0,0,87,21,-39,0,0,0,0,0,5
51 ,1C4,27,88,0,0,0,0,0,87,21,-103,0,0,0,0,0,-59
3302 ,1C4,27,88,0,0,0,0,0,87,21,-38,0,0,0,0,0,6
20519 ,1C4,27,88,0,0,0,0,0,87,21,-39,0,0,0,0,0,5
13596 ,1C4,27,88,0,0,0,0,0,87,19,43,0,0,0,0,0,85
16927 ,1C4,27,88,0,0,0,0,0,87,19,-11,0,0,0,0,0,31
15208 ,1C4,27,88,0,0,0,0,0,87,21,-41,0,0,0,0,0,3
19455 ,1C4,27,88,0,0,0,0,0,87,21,-40,0,0,0,0,0,4
13260 ,1C4,27,88,0,0,0,0,0,87,19,-50,0,0,0,0,0,-8
18634 ,1C4,27,88,0,0,0,0,0,87,21,-40,0,0,0,0,0,4
11516 ,1C4,27,88,0,0,0,0,0,87,21,-31,0,0,0,0,0,13
19056 ,1C4,27,88,0,0,0,0,0,87,22,-99,0,0,0,0,0,-54
19596 ,1C4,27,88,0,0,0,0,0,87,21,-32,0,0,0,0,0,12
6801 ,1C4,27,88,0,0,0,0,0,87,19,-117,0,0,0,0,0,-75
17712 ,1C4,27,88,0,0,0,0,0,87,18,46,0,0,0,0,0,87
6390 ,1C4,27,88,0,0,0,0,0,87,21,-63,0,0,0,0,0,-19
13800 ,1C4,27,88,0,0,0,0,0,87,21,-42,0,0,0,0,0,2
12449 ,1C4,27,88,0,0,0,0,0,87,18,56,0,0,0,0,0,-159
7970 ,1C4,27,88,0,0,0,0,0,87,21,-23,0,0,0,0,0,21
21872 ,1C4,27,88,0,0,0,0,0,87,17,-9,0,0,0,0,0,31
73 ,1C4,27,88,0,0,0,0,0,87,17,2,0,0,0,0,0,42
431 ,1C4,27,88,0,0,0,0,0,87,21,-40,0,0,0,0,0,4
11085 ,1C4,27,88,0,0,0,0,0,87,21,81,0,0,0,0,0,-131
13175 ,1C4,27,88,0,0,0,0,0,87,18,37,0,0,0,0,0,78
9634 ,1C4,27,88,0,0,0,0,0,87,21,-36,0,0,0,0,0,8
3715 ,1C4,27,88,0,0,0,0,0,87,17,60,0,0,0,0,0,-156
20528 ,1C4,27,88,0,0,0,0,0,87,19,66,0,0,0,0,0,-148
17833 ,1C4,27,88,0,0,0,0,0,87,21,-38,0,0,0,0,0,6
5034 ,1C4,27,88,0,0,0,0,0,87,21,-37,0,0,0,0,0,7
22295 ,1C4,27,88,0,0,0,0,0,87,21,-31,0,0,0,0,0,13
5458 ,1C4,27,88,0,0,0,0,0,87,21,-37,0,0,0,0,0,7
9100 ,1C4,27,88,0,0,0,0,0,87,18,57,0,0,0,0,0,-158
4949 ,1C4,27,88,0,0,0,0,0,87,21,-50,0,0,0,0,0,-6
9694 ,1C4,27,88,0,0,0,0,0,87,22,27,0,0,0,0,0,72
12183 ,1C4,27,88,0,0,0,0,0,87,17,53,0,0,0,0,0,-163
18255 ,1C4,27,88,0,0,0,0,0,87,21,-40,0,0,0,0,0,4
18496 ,1C4,27,88,0,0,0,0,0,87,21,-132,0,0,0,0,0,-88
22720 ,1C4,27,88,0,0,0,0,0,87,21,-34,0,0,0,0,0,10
1688 ,1C4,27,88,0,0,0,0,0,87,20,-140,0,0,0,0,0,-97
14907 ,1C4,27,88,0,0,0,0,0,87,21,-47,0,0,0,0,0,-3
15102 ,1C4,27,88,0,0,0,0,0,87,21,-39,0,0,0,0,0,5
2218 ,1C4,27,88,0,0,0,0,0,87,21,-57,0,0,0,0,0,-13
17959 ,1C4,27,88,0,0,0,0,0,87,21,-53,0,0,0,0,0,-9
7068 ,1C4,27,88,0,0,0,0,0,87,17,5,0,0,0,0,0,45
15684 ,1C4,27,88,0,0,0,0,0,87,21,-42,0,0,0,0,0,2
19740 ,1C4,27,88,0,0,0,0,0,87,22,-76,0,0,0,0,0,-31
22621 ,1C4,27,88,0,0,0,0,0,87,21,-23,0,0,0,0,0,21
12592 ,1C4,27,88,0,0,0,0,0,87,21,-6,0,0,0,0,0,38
760 ,1C4,27,88,0,0,0,0,0,87,21,-46,0,0,0,0,0,-2
22766 ,1C4,27,88,0,0,0,0,0,87,19,-89,0,0,0,0,0,-47
4380 ,1C4,27,88,0,0,0,0,0,87,19,-143,0,0,0,0,0,-101
3301 ,1C4,27,88,0,0,0,0,0,87,21,-40,0,0,0,0,0,4
821 ,1C4,27,88,0,0,0,0,0,87,21,-29,0,0,0,0,0,15
20764 ,1C4,27,88,0,0,0,0,0,87,21,-19,0,0,0,0,0,25
22926 ,1C4,27,88,0,0,0,0,0,87,21,-32,0,0,0,0,0,12
10033 ,1C4,27,88,0,0,0,0,0,87,21,-42,0,0,0,0,0,2
15406 ,1C4,27,88,0,0,0,0,0,87,17,31,0,0,0,0,0,71
14591 ,1C4,27,88,0,0,0,0,0,87,21,-39,0,0,0,0,0,5
1295 ,1C4,27,88,0,0,0,0,0,87,21,-39,0,0,0,0,0,5
2464 ,1C4,27,88,0,0,0,0,0,87,21,-24,0,0,0,0,0,20
18082 ,1C4,27,88,0,0,0,0,0,87,21,-31,0,0,0,0,0,13
1291 ,1C4,27,88,0,0,0,0,0,87,21,-37,0,0,0,0,0,7
7567 ,1C4,27,88,0,0,0,0,0,87,21,-87,0,0,0,0,0,-43
10298 ,1C4,27,88,0,0,0,0,0,87,18,71,0,0,0,0,0,-144
9105 ,1C4,27,88,0,0,0,0,0,87,19,-111,0,0,0,0,0,-69
17287 ,1C4,27,88,0,0,0,0,0,87,21,-42,0,0,0,0,0,2
11800 ,1C4,27,88,0,0,0,0,0,87,21,-44,0,0,0,0,0,0
11790 ,1C4,27,88,0,0,0,0,0,87,21,-41,0,0,0,0,0,3
23034 ,1C4,27,88,0,0,0,0,0,87,21,3,0,0,0,0,0,47
19863 ,1C4,27,88,0,0,0,0,0,87,22,-163,0,0,0,0,0,-118
4218 ,1C4,27,88,0,0,0,0,0,87,21,-93,0,0,0,0,0,-49
18789 ,1C4,27,88,0,0,0,0,0,87,18,34,0,0,0,0,0,75
1694 ,1C4,27,88,0,0,0,0,0,87,21,-46,0,0,0,0,0,-2
7879 ,1C4,27,88,0,0,0,0,0,87,21,-38,0,0,0,0,0,6
15701 ,1C4,27,88,0,0,0,0,0,87,21,-87,0,0,0,0,0,-43
18725 ,1C4,27,88,0,0,0,0,0,87,21,-90,0,0,0,0,0,-46
7205 ,1C4,27,88,0,0,0,0,0,87,21,-41,0,0,0,0,0,3
14959 ,1C4,27,88,0,0,0,0,0,87,22,-2,0,0,0,0,0,43
13800 ,1C4,27,88,0,0,0,0,0,87,18,65,0,0,0,0,0,-150
62 ,1C4,27,88,0,0,0,0,0,87,21,-40,0,0,0,0,0,4
14760 ,1C4,27,88,0,0,0,0,0,87,21,-42,0,0,0,0,0,2
1948 ,1C4,27,88,0,0,0,0,0,87,22,-125,0,0,0,0,0,-80
4209 ,1C4,27,88,0,0,0,0,0,87,22,-98,0,0,0,0,0,-53
5876 ,1C4,27,88,0,0,0,0,0,87,21,-56,0,0,0,0,0,-12
9227 ,1C4,27,88,0,0,0,0,0,87,21,-31,0,0,0,0,0,13
8378 ,1C4,27,88,0,0,0,0,0,87,21,-48,0,0,0,0,0,-4
1545 ,1C4,27,88,0,0,0,0,0,87,21,-40,0,0,0,0,0,4
711 ,1C4,27,88,0,0,0,0,0,87,21,-49,0,0,0,0,0,-5
15551 ,1C4,27,88,0,0,0,0,0,87,21,-43,0,0,0,0,0,1
6852 ,1C4,27,88,0,0,0,0,0,87,21,-32,0,0,0,0,0,12
9373 ,1C4,27,88,0,0,0,0,0,87,21,28,0,0,0,0,0,72
11018 ,1C4,27,88,0,0,0,0,0,87,21,-40,0,0,0,0,0,4
17988 ,1C4,27,88,0,0,0,0,0,87,21,-42,0,0,0,0,0,2
4346 ,1C4,27,88,0,0,0,0,0,87,21,-35,0,0,0,0,0,9
3450 ,1C4,27,88,0,0,0,0,0,87,21,-38,0,0,0,0,0,6
18197 ,1C4,27,88,0,0,0,0,0,87,21,-40,0,0,0,0,0,4
21756 ,1C4,27,88,0,0,0,0,0,87,21,-39,0,0,0,0,0,5
8951 ,1C4,27,88,0,0,0,0,0,87,21,-42,0,0,0,0,0,2
10178 ,1C4,27,88,0,0,0,0,0,87,21,-50,0,0,0,0,0,-6
19724 ,1C4,27,88,0,0,0,0,0,87,21,-40,0,0,0,0,0,4
6144 ,1C4,27,88,0,0,0,0,0,87,19,-154,0,0,0,0,0,-112
17171 ,1C4,27,88,0,0,0,0,0,87,21,-35,0,0,0,0,0,9
1913 ,1C4,27,88,0,0,0,0,0,87,21,-36,0,0,0,0,0,8
21842 ,1C4,27,88,0,0,0,0,0,87,21,-24,0,0,0,0,0,20
17014 ,1C4,27,88,0,0,0,0,0,87,20,28,0,0,0,0,0,71
17985 ,1C4,27,88,0,0,0,0,0,87,21,-39,0,0,0,0,0,5
17558 ,1C4,27,88,0,0,0,0,0,87,22,-103,0,0,0,0,0,-58
9730 ,1C4,27,88,0,0,0,0,0,87,21,-110,0,0,0,0,0,-66
22467 ,1C4,27,88,0,0,0,0,0,87,19,74,0,0,0,0,0,-140
21748 ,1C4,27,88,0,0,0,0,0,87,21,-42,0,0,0,0,0,2
17179 ,1C4,27,88,0,0,0,0,0,87,21,-41,0,0,0,0,0,3
3573 ,1C4,27,88,0,0,0,0,0,87,19,72,0,0,0,0,0,-142
13892 ,1C4,27,88,0,0,0,0,0,87,21,-31,0,0,0,0,0,13
12708 ,1C4,27,88,0,0,0,0,0,87,17,43,0,0,0,0,0,83
9631 ,1C4,27,88,0,0,0,0,0,87,21,-40,0,0,0,0,0,4
17181 ,1C4,27,88,0,0,0,0,0,87,21,-40,0,0,0,0,0,4
1558 ,1C4,27,88,0,0,0,0,0,87,22,-150,0,0,0,0,0,-105
3175 ,1C4,27,88,0,0,0,0,0,87,21,-35,0,0,0,0,0,9
22144 ,1C4,27,88,0,0,0,0,0,87,21,-121,0,0,0,0,0,-77
4371 ,1C4,27,88,0,0,0,0,0,87,19,-160,0,0,0,0,0,-118
884 ,1C4,27,88,0,0,0,0,0,87,19,-69,0,0,0,0,0,-27
20232 ,1C4,27,88,0,0,0,0,0,87,21,-38,0,0,0,0,0,6
4654 ,1C4,27,88,0,0,0,0,0,87,21,-31,0,0,0,0,0,13
14218 ,1C4,27,88,0,0,0,0,0,87,21,-34,0,0,0,0,0,10
5430 ,1C4,27,88,0,0,0,0,0,87,21,-24,0,0,0,0,0,20
8954 ,1C4,27,88,0,0,0,0,0,87,19,53,0,0,0,0,0,-161
22501 ,1C4,27,88,0,0,0,0,0,87,21,-35,0,0,0,0,0,9
17447 ,1C4,27,88,0,0,0,0,0,87,19,-99,0,0,0,0,0,-57
9494 ,1C4,27,88,0,0,0,0,0,87,21,-35,0,0,0,0,0,9
6412 ,1C4,27,88,0,0,0,0,0,87,21,-41,0,0,0,0,0,3
478 ,1C4,27,88,0,0,0,0,0,87,19,73,0,0,0,0,0,-141
9361 ,1C4,27,88,0,0,0,0,0,87,21,-49,0,0,0,0,0,-5
9184 ,1C4,27,88,0,0,0,0,0,87,18,14,0,0,0,0,0,55
6216 ,1C4,27,88,0,0,0,0,0,87,21,-38,0,0,0,0,0,6
1677 ,1C4,27,88,0,0,0,0,0,87,22,-79,0,0,0,0,0,-34
11418 ,1C4,27,88,0,0,0,0,0,87,21,-35,0,0,0,0,0,9
6234 ,1C4,27,88,0,0,0,0,0,87,21,-25,0,0,0,0,0,19
8414 ,1C4,27,88,0,0,0,0,0,87,21,-40,0,0,0,0,0,4
10826 ,1C4,27,88,0,0,0,0,0,87,21,-40,0,0,0,0,0,4
22941 ,1C4,27,88,0,0,0,0,0,87,21,-35,0,0,0,0,0,9
9966 ,1C4,27,88,0,0,0,0,0,87,21,-8,0,0,0,0,0,36
16601 ,1C4,27,88,0,0,0,0,0,87,21,-84,0,0,0,0,0,-40
5878 ,1C4,27,88,0,0,0,0,0,87,21,-31,0,0,0,0,0,13
633 ,1C4,27,88,0,0,0,0,0,87,19,54,0,0,0,0,0,-160
23052 ,1C4,27,88,0,0,0,0,0,87,18,85,0,0,0,0,0,-130
19871 ,1C4,27,88,0,0,0,0,0,87,21,-32,0,0,0,0,0,12
9807 ,1C4,27,88,0,0,0,0,0,87,21,-20,0,0,0,0,0,24
16356 ,1C4,27,88,0,0,0,0,0,87,21,-46,0,0,0,0,0,-2
17175 ,1C4,27,88,0,0,0,0,0,87,21,-42,0,0,0,0,0,2
17554 ,1C4,27,88,0,0,0,0,0,87,21,-40,0,0,0,0,0,4
3557 ,1C4,27,88,0,0,0,0,0,87,21,-36,0,0,0,0,0,8
21070 ,1C4,27,88,0,0,0,0,0,87,21,-40,0,0,0,0,0,4
6800 ,1C4,27,88,0,0,0,0,0,87,18,73,0,0,0,0,0,-142
3170 ,1C4,27,88,0,0,0,0,0,87,18,-84,0,0,0,0,0,-43
20479 ,1C4,27,88,0,0,0,0,0,87,21,-76,0,0,0,0,0,-32
8569 ,1C4,27,88,0,0,0,0,0,87,21,-42,0,0,0,0,0,2
2646 ,1C4,27,88,0,0,0,0,0,87,20,-61,0,0,0,0,0,-18
21215 ,1C4,27,88,0,0,0,0,0,87,21,-44,0,0,0,0,0,0
14071 ,1C4,27,88,0,0,0,0,0,87,21,-40,0,0,0,0,0,4
5186 ,1C4,27,88,0,0,0,0,0,87,21,-40,0,0,0,0,0,4
22146 ,1C4,27,88,0,0,0,0,0,87,21,-40,0,0,0,0,0,4
5120 ,1C4,27,88,0,0,0,0,0,87,21,-43,0,0,0,0,0,1
5958 ,1C4,27,88,0,0,0,0,0,87,21,-99,0,0,0,0,0,-55
10413 ,1C4,27,88,0,0,0,0,0,87,21,-92,0,0,0,0,0,-48
3503 ,1C4,27,88,0,0,0,0,0,87,19,-15,0,0,0,0,0,27
18002 ,1C4,27,88,0,0,0,0,0,87,19,-139,0,0,0,0,0,-97
278 ,1C4,27,88,0,0,0,0,0,87,21,-12,0,0,0,0,0,32
22817 ,1C4,27,88,0,0,0,0,0,87,21,-39,0,0,0,0,0,5
3184 ,1C4,27,88,0,0,0,0,0,87,21,-38,0,0,0,0,0,6
17446 ,1C4,27,88,0,0,0,0,0,87,21,-42,0,0,0,0,0,2
11875 ,1C4,27,88,0,0,0,0,0,87,21,-82,0,0,0,0,0,-38
13218 ,1C4,27,88,0,0,0,0,0,87,21,-39,0,0,0,0,0,5
20258 ,1C4,27,88,0,0,0,0,0,87,21,-38,0,0,0,0,0,6
20729 ,1C4,27,88,0,0,0,0,0,87,21,-42,0,0,0,0,0,2
8832 ,1C4,27,88,0,0,0,0,0,87,17,15,0,0,0,0,0,55
10300 ,1C4,27,88,0,0,0,0,0,87,21,-42,0,0,0,0,0,2
16625 ,1C4,27,88,0,0,0,0,0,87,21,-31,0,0,0,0,0,13
22820 ,1C4,27,88,0,0,0,0,0,87,21,-56,0,0,0,0,0,-12
21879 ,1C4,27,88,0,0,0,0,0,87,19,-4,0,0,0,0,0,38
1960 ,1C4,27,88,0,0,0,0,0,87,21,-42,0,0,0,0,0,2
21607 ,1C4,27,88,0,0,0,0,0,87,21,-39,0,0,0,0,0,5
16212 ,1C4,27,88,0,0,0,0,0,87,21,-20,0,0,0,0,0,24
21747 ,1C4,27,88,0,0,0,0,0,87,18,-79,0,0,0,0,0,-38
7875 ,1C4,27,88,0,0,0,0,0,87,21,-38,0,0,0,0,0,6
8957 ,1C4,27,88,0,0,0,0,0,87,21,-43,0,0,0,0,0,1
3654 ,1C4,27,88,0,0,0,0,0,87,22,-160,0,0,0,0,0,-115
20530 ,1C4,27,88,0,0,0,0,0,87,21,-42,0,0,0,0,0,2
8030 ,1C4,27,88,0,0,0,0,0,87,20,-109,0,0,0,0,0,-66
19410 ,1C4,27,88,0,0,0,0,0,87,21,-13,0,0,0,0,0,31
340 ,1C4,27,88,0,0,0,0,0,87,21,-42,0,0,0,0,0,2
12932 ,1C4,27,88,0,0,0,0,0,87,21,-35,0,0,0,0,0,9
19178 ,1C4,27,88,0,0,0,0,0,87,21,-44,0,0,0,0,0,0
20634 ,1C4,27,88,0,0,0,0,0,87,21,-91,0,0,0,0,0,-47
224 ,1C4,27,88,0,0,0,0,0,87,20,-153,0,0,0,0,0,-110
23359 ,1C4,27,88,0,0,0,0,0,87,21,-44,0,0,0,0,0,0
15028 ,1C4,27,88,0,0,0,0,0,87,21,-37,0,0,0,0,0,7
20249 ,1C4,27,88,0,0,0,0,0,87,21,-40,0,0,0,0,0,4
1561 ,1C4,27,88,0,0,0,0,0,87,18,59,0,0,0,0,0,-156
15284 ,1C4,27,88,0,0,0,0,0,87,21,-41,0,0,0,0,0,3
12807 ,1C4,27,88,0,0,0,0,0,87,21,-35,0,0,0,0,0,9
16344 ,1C4,27,88,0,0,0,0,0,87,19,24,0,0,0,0,0,66
8152 ,1C4,27,88,0,0,0,0,0,87,21,-40,0,0,0,0,0,4
22293 ,1C4,27,88,0,0,0,0,0,87,19,67,0,0,0,0,0,-147
20410 ,1C4,27,88,0,0,0,0,0,87,21,-40,0,0,0,0,0,4
8684 ,1C4,27,88,0,0,0,0,0,87,18,60,0,0,0,0,0,-155
16222 ,1C4,27,88,0,0,0,0,0,87,21,-40,0,0,0,0,0,4
20216 ,1C4,27,88,0,0,0,0,0,87,21,-35,0,0,0,0,0,9
23456 ,1C4,27,88,0,0,0,0,0,87,21,-14,0,0,0,0,0,30
2228 ,1C4,27,88,0,0,0,0,0,87,21,-42,0,0,0,0,0,2
4513 ,1C4,27,88,0,0,0,0,0,87,21,-39,0,0,0,0,0,5
9759 ,1C4,27,88,0,0,0,0,0,87,17,47,0,0,0,0,0,87
7067 ,1C4,27,88,0,0,0,0,0,87,19,-94,0,0,0,0,0,-52
22267 ,1C4,27,88,0,0,0,0,0,87,21,-50,0,0,0,0,0,-6
9358 ,1C4,27,88,0,0,0,0,0,87,21,79,0,0,0,0,0,-133
13129 ,1C4,27,88,0,0,0,0,0,87,21,-38,0,0,0,0,0,6
16634 ,1C4,27,88,0,0,0,0,0,87,17,5,0,0,0,0,0,45
7245 ,1C4,27,88,0,0,0,0,0,87,21,-9,0,0,0,0,0,35
7931 ,1C4,27,88,0,0,0,0,0,87,21,22,0,0,0,0,0,66
11913 ,1C4,27,88,0,0,0,0,0,87,19,-159,0,0,0,0,0,-117
10573 ,1C4,27,88,0,0,0,0,0,87,21,-40,0,0,0,0,0,4
18771 ,1C4,27,88,0,0,0,0,0,87,21,-38,0,0,0,0,0,6
15134 ,1C4,27,88,0,0,0,0,0,87,21,-38,0,0,0,0,0,6
9467 ,1C4,27,88,0,0,0,0,0,87,21,-26,0,0,0,0,0,18
15395 ,1C4,27,88,0,0,0,0,0,87,21,-41,0,0,0,0,0,3
2914 ,1C4,27,88,0,0,0,0,0,87,19,54,0,0,0,0,0,-160
3830 ,1C4,27,88,0,0,0,0,0,87,19,68,0,0,0,0,0,-146
22524 ,1C4,27,88,0,0,0,0,0,87,21,-94,0,0,0,0,0,-50
1539 ,1C4,27,88,0,0,0,0,0,87,21,-42,0,0,0,0,0,2
12994 ,1C4,27,88,0,0,0,0,0,87,19,-98,0,0,0,0,0,-56
23343 ,1C4,27,88,0,0,0,0,0,87,21,-43,0,0,0,0,0,1
858 ,1C4,27,88,0,0,0,0,0,87,21,-32,0,0,0,0,0,12
19790 ,1C4,27,88,0,0,0,0,0,87,21,-35,0,0,0,0,0,9
7602 ,1C4,27,88,0,0,0,0,0,87,18,52,0,0,0,0,0,-163
15028 ,1C4,27,88,0,0,0,0,0,87,21,-35,0,0,0,0,0,9
7071 ,1C4,27,88,0,0,0,0,0,87,21,-46,0,0,0,0,0,-2
6903 ,1C4,27,88,0,0,0,0,0,87,21,-49,0,0,0,0,0,-5
9761 ,1C4,27,88,0,0,0,0,0,87,21,-39,0,0,0,0,0,5
16761 ,1C4,27,88,0,0,0,0,0,87,21,-41,0,0,0,0,0,3
17848 ,1C4,27,88,0,0,0,0,0,87,21,-44,0,0,0,0,0,0
6777 ,1C4,27,88,0,0,0,0,0,87,19,-141,0,0,0,0,0,-99
4954 ,1C4,27,88,0,0,0,0,0,87,21,-93,0,0,0,0,0,-49
8278 ,1C4,27,88,0,0,0,0,0,87,19,-39,0,0,0,0,0,3
10181 ,1C4,27,88,0,0,0,0,0,87,19,43,0,0,0,0,0,85
22109 ,1C4,27,88,0,0,0,0,0,87,21,-113,0,0,0,0,0,-69
11163 ,1C4,27,88,0,0,0,0,0,87,18,-5,0,0,0,0,0,36
18734 ,1C4,27,88,0,0,0,0,0,87,19,-71,0,0,0,0,0,-29
2477 ,1C4,27,88,0,0,0,0,0,87,21,-34,0,0,0,0,0,10
16345 ,1C4,27,88,0,0,0,0,0,87,21,-38,0,0,0,0,0,6
21533 ,1C4,27,88,0,0,0,0,0,87,21,-39,0,0,0,0,0,5
3833 ,1C4,27,88,0,0,0,0,0,87,21,-32,0,0,0,0,0,12
20529 ,1C4,27,88,0,0,0,0,0,87,21,-44,0,0,0,0,0,0
3715 ,1C4,27,88,0,0,0,0,0,87,21,-34,0,0,0,0,0,10
18983 ,1C4,27,88,0,0,0,0,0,87,21,-19,0,0,0,0,0,25
14534 ,1C4,27,88,0,0,0,0,0,87,21,-33,0,0,0,0,0,11
17571 ,1C4,27,88,0,0,0,0,0,87,21,-42,0,0,0,0,0,2
1684 ,1C4,27,88,0,0,0,0,0,87,18,66,0,0,0,0,0,-149
14867 ,1C4,27,88,0,0,0,0,0,87,21,-40,0,0,0,0,0,4
17449 ,1C4,27,88,0,0,0,0,0,87,21,-146,0,0,0,0,0,-102
19676 ,1C4,27,88,0,0,0,0,0,87,21,-78,0,0,0,0,0,-34
13981 ,1C4,27,88,0,0,0,0,0,87,22,-134,0,0,0,0,0,-89
18346 ,1C4,27,88,0,0,0,0,0,87,21,-24,0,0,0,0,0,20
1152 ,1C4,27,88,0,0,0,0,0,87,21,-42,0,0,0,0,0,2
19327 ,1C4,27,88,0,0,0,0,0,87,19,-44,0,0,0,0,0,-2
12447 ,1C4,27,88,0,0,0,0,0,87,21,-43,0,0,0,0,0,1
16857 ,1C4,27,88,0,0,0,0,0,87,21,-54,0,0,0,0,0,-10
20773 ,1C4,27,88,0,0,0,0,0,87,21,-24,0,0,0,0,0,20
11646 ,1C4,27,88,0,0,0,0,0,87,21,-38,0,0,0,0,0,6
7840 ,1C4,27,88,0,0,0,0,0,87,21,-90,0,0,0,0,0,-46
7839 ,1C4,27,88,0,0,0,0,0,87,19,-59,0,0,0,0,0,-17
15297 ,1C4,27,88,0,0,0,0,0,87,21,-45,0,0,0,0,0,-1
9313 ,1C4,27,88,0,0,0,0,0,87,21,-89,0,0,0,0,0,-45
1507 ,1C4,27,88,0,0,0,0,0,87,21,-34,0,0,0,0,0,10
18760 ,1C4,27,88,0,0,0,0,0,87,21,-37,0,0,0,0,0,7
7985 ,1C4,27,88,0,0,0,0,0,87,21,-114,0,0,0,0,0,-70
5446 ,1C4,27,88,0,0,0,0,0,87,22,-133,0,0,0,0,0,-88
4765 ,1C4,27,88,0,0,0,0,0,87,21,-30,0,0,0,0,0,14
7583 ,1C4,27,88,0,0,0,0,0,87,21,-18,0,0,0,0,0,26
7749 ,1C4,27,88,0,0,0,0,0,87,21,-44,0,0,0,0,0,0
5606 ,1C4,27,88,0,0,0,0,0,87,19,63,0,0,0,0,0,-151
1412 ,1C4,27,88,0,0,0,0,0,87,21,-42,0,0,0,0,0,2
21334 ,1C4,27,88,0,0,0,0,0,87,19,65,0,0,0,0,0,-149
8543 ,1C4,27,88,0,0,0,0,0,87,21,-35,0,0,0,0,0,9
13532 ,1C4,27,88,0,0,0,0,0,87,19,-10,0,0,0,0,0,32
14612 ,1C4,27,88,0,0,0,0,0,87,21,-46,0,0,0,0,0,-2
23222 ,1C4,27,88,0,0,0,0,0,87,21,-42,0,0,0,0,0,2
22290 ,1C4,27,88,0,0,0,0,0,87,21,-41,0,0,0,0,0,3
19400 ,1C4,27,88,0,0,0,0,0,87,21,-39,0,0,0,0,0,5
13526 ,1C4,27,88,0,0,0,0,0,87,21,-40,0,0,0,0,0,4
10178 ,1C4,27,88,0,0,0,0,0,87,21,-48,0,0,0,0,0,-4
762 ,1C4,27,88,0,0,0,0,0,87,21,-42,0,0,0,0,0,2
13668 ,1C4,27,88,0,0,0,0,0,87,17,55,0,0,0,0,0,-161
12866 ,1C4,27,88,0,0,0,0,0,87,21,-39,0,0,0,0,0,5
12147 ,1C4,27,88,0,0,0,0,0,87,19,-72,0,0,0,0,0,-30
12575 ,1C4,27,88,0,0,0,0,0,87,21,-38,0,0,0,0,0,6
22479 ,1C4,27,88,0,0,0,0,0,87,21,-77,0,0,0,0,0,-33
1643 ,1C4,27,88,0,0,0,0,0,87,21,-44,0,0,0,0,0,0
3442 ,1C4,27,88,0,0,0,0,0,87,18,66,0,0,0,0,0,-149
9841 ,1C4,27,88,0,0,0,0,0,87,21,-19,0,0,0,0,0,25
12478 ,1C4,27,88,0,0,0,0,0,87,21,-35,0,0,0,0,0,9
17977 ,1C4,27,88,0,0,0,0,0,87,21,-37,0,0,0,0,0,7
6303 ,1C4,27,88,0,0,0,0,0,87,21,-72,0,0,0,0,0,-28
10452 ,1C4,27,88,0,0,0,0,0,87,21,-39,0,0,0,0,0,5
16907 ,1C4,27,88,0,0,0,0,0,87,19,55,0,0,0,0,0,-159
18252 ,1C4,27,88,0,0,0,0,0,87,21,-40,0,0,0,0,0,4
19862 ,1C4,27,88,0,0,0,0,0,87,21,-40,0,0,0,0,0,4
2696 ,1C4,27,88,0,0,0,0,0,87,23,-153,0,0,0,0,0,-107
7722 ,1C4,27,88,0,0,0,0,0,87,21,-96,0,0,0,0,0,-52
12983 ,1C4,27,88,0,0,0,0,0,87,21,-38,0,0,0,0,0,6
316 ,1C4,27,88,0,0,0,0,0,87,21,-36,0,0,0,0,0,8
329 ,1C4,27,88,0,0,0,0,0,87,21,-40,0,0,0,0,0,4
2880 ,1C4,27,88,0,0,0,0,0,87,21,-61,0,0,0,0,0,-17
16210 ,1C4,27,88,0,0,0,0,0,87,18,83,0,0,0,0,0,-132
8548 ,1C4,27,88,0,0,0,0,0,87,21,-43,0,0,0,0,0,1
15297 ,1C4,27,88,0,0,0,0,0,87,19,-29,0,0,0,0,0,13
5010 ,1C4,27,88,0,0,0,0,0,87,20,-121,0,0,0,0,0,-78
18634 ,1C4,27,88,0,0,0,0,0,87,20,-68,0,0,0,0,0,-25
10713 ,1C4,27,88,0,0,0,0,0,87,19,3,0,0,0,0,0,45
7310 ,1C4,27,88,0,0,0,0,0,87,21,-34,0,0,0,0,0,10
18782 ,1C4,27,88,0,0,0,0,0,87,20,-1,0,0,0,0,0,42
3294 ,1C4,27,88,0,0,0,0,0,87,21,-44,0,0,0,0,0,0
3164 ,1C4,27,88,0,0,0,0,0,87,21,-36,0,0,0,0,0,8
14880 ,1C4,27,88,0,0,0,0,0,87,21,-47,0,0,0,0,0,-3
22943 ,1C4,27,88,0,0,0,0,0,87,22,-138,0,0,0,0,0,-93
2685 ,1C4,27,88,0,0,0,0,0,87,21,-44,0,0,0,0,0,0
9226 ,1C4,27,88,0,0,0,0,0,87,19,65,0,0,0,0,0,-149
13941 ,1C4,27,88,0,0,0,0,0,87,18,59,0,0,0,0,0,-156
707 ,1C4,27,88,0,0,0,0,0,87,21,-39,0,0,0,0,0,5
3030 ,1C4,27,88,0,0,0,0,0,87,21,-36,0,0,0,0,0,8
6066 ,1C4,27,88,0,0,0,0,0,87,22,87,0,0,0,0,0,-124
19689 ,1C4,27,88,0,0,0,0,0,87,21,-43,0,0,0,0,0,1
14610 ,1C4,27,88,0,0,0,0,0,87,21,-37,0,0,0,0,0,7
23084 ,1C4,27,88,0,0,0,0,0,87,21,-43,0,0,0,0,0,1
14609 ,1C4,27,88,0,0,0,0,0,87,21,-43,0,0,0,0,0,1
20934 ,1C4,27,88,0,0,0,0,0,87,21,-41,0,0,0,0,0,3
334 ,1C4,27,88,0,0,0,0,0,87,18,79,0,0,0,0,0,-136
15558 ,1C4,27,88,0,0,0,0,0,87,21,-38,0,0,0,0,0,6
9750 ,1C4,27,88,0,0,0,0,0,87,19,58,0,0,0,0,0,-156
13191 ,1C4,27,88,0,0,0,0,0,87,22,36,0,0,0,0,0,81
819 ,1C4,27,88,0,0,0,0,0,87,21,-23,0,0,0,0,0,21
5182 ,1C4,27,88,0,0,0,0,0,87,19,-103,0,0,0,0,0,-61
4753 ,1C4,27,88,0,0,0,0,0,87,21,-61,0,0,0,0,0,-17
15024 ,1C4,27,88,0,0,0,0,0,87,21,-40,0,0,0,0,0,4
14066 ,1C4,27,88,0,0,0,0,0,87,20,-144,0,0,0,0,0,-101
1031 ,1C4,27,88,0,0,0,0,0,87,20,66,0,0,0,0,0,-147
15132 ,1C4,27,88,0,0,0,0,0,87,21,-39,0,0,0,0,0,5
19638 ,1C4,27,88,0,0,0,0,0,87,18,36,0,0,0,0,0,77
13398 ,1C4,27,88,0,0,0,0,0,87,21,-34,0,0,0,0,0,10
4604 ,1C4,27,88,0,0,0,0,0,87,21,-32,0,0,0,0,0,12
6380 ,1C4,27,88,0,0,0,0,0,87,21,-115,0,0,0,0,0,-71
21466 ,1C4,27,88,0,0,0,0,0,87,21,-37,0,0,0,0,0,7
1409 ,1C4,27,88,0,0,0,0,0,87,21,12,0,0,0,0,0,56
18478 ,1C4,27,88,0,0,0,0,0,87,21,-36,0,0,0,0,0,8
21069 ,1C4,27,88,0,0,0,0,0,87,19,-90,0,0,0,0,0,-48
7838 ,1C4,27,88,0,0,0,0,0,87,19,86,0,0,0,0,0,-128
20344 ,1C4,27,88,0,0,0,0,0,87,21,-13,0,0,0,0,0,31
1833 ,1C4,27,88,0,0,0,0,0,87,19,53,0,0,0,0,0,-161
9641 ,1C4,27,88,0,0,0,0,0,87,21,-38,0,0,0,0,0,6
22147 ,1C4,27,88,0,0,0,0,0,87,21,-43,0,0,0,0,0,1
12874 ,1C4,27,88,0,0,0,0,0,87,21,-42,0,0,0,0,0,2
1482 ,1C4,27,88,0,0,0,0,0,87,20,78,0,0,0,0,0,-135
7817 ,1C4,27,88,0,0,0,0,0,87,21,-22,0,0,0,0,0,22
19456 ,1C4,27,88,0,0,0,0,0,87,21,-43,0,0,0,0,0,1
4900 ,1C4,27,88,0,0,0,0,0,87,21,-39,0,0,0,0,0,5
13406 ,1C4,27,88,0,0,0,0,0,87,21,-82,0,0,0,0,0,-38
3016 ,1C4,27,88,0,0,0,0,0,87,21,-46,0,0,0,0,0,-2
19000 ,1C4,27,88,0,0,0,0,0,87,21,-45,0,0,0,0,0,-1
15687 ,1C4,27,88,0,0,0,0,0,87,21,-42,0,0,0,0,0,2
8742 ,1C4,27,88,0,0,0,0,0,87,21,-39,0,0,0,0,0,5
7318 ,1C4,27,88,0,0,0,0,0,87,21,-38,0,0,0,0,0,6
4650 ,1C4,27,88,0,0,0,0,0,87,21,-42,0,0,0,0,0,2
11907 ,1C4,27,88,0,0,0,0,0,87,21,-91,0,0,0,0,0,-47
3741 ,1C4,27,88,0,0,0,0,0,87,21,-41,0,0,0,0,0,3
6716 ,1C4,27,88,0,0,0,0,0,87,21,-42,0,0,0,0,0,2
15020 ,1C4,27,88,0,0,0,0,0,87,21,-40,0,0,0,0,0,4
11318 ,1C4,27,88,0,0,0,0,0,87,21,-39,0,0,0,0,0,5
6658 ,1C4,27,88,0,0,0,0,0,87,21,-42,0,0,0,0,0,2
11634 ,1C4,27,88,0,0,0,0,0,87,20,-154,0,0,0,0,0,-111
6132 ,1C4,27,88,0,0,0,0,0,87,21,-38,0,0,0,0,0,6
6672 ,1C4,27,88,0,0,0,0,0,87,21,-41,0,0,0,0,0,3
3946 ,1C4,27,88,0,0,0,0,0,87,21,-79,0,0,0,0,0,-35
15833 ,1C4,27,88,0,0,0,0,0,87,21,-47,0,0,0,0,0,-3
1674 ,1C4,27,88,0,0,0,0,0,87,21,-39,0,0,0,0,0,5
14334 ,1C4,27,88,0,0,0,0,0,87,21,-47,0,0,0,0,0,-3
20105 ,1C4,27,88,0,0,0,0,0,87,21,-95,0,0,0,0,0,-51
9768 ,1C4,27,88,0,0,0,0,0,87,21,-46,0,0,0,0,0,-2
6685 ,1C4,27,88,0,0,0,0,0,87,21,-37,0,0,0,0,0,7
9645 ,1C4,27,88,0,0,0,0,0,87,21,-35,0,0,0,0,0,9
410 ,1C4,27,88,0,0,0,0,0,87,21,-32,0,0,0,0,0,12
15688 ,1C4,27,88,0,0,0,0,0,87,21,-43,0,0,0,0,0,1
5491 ,1C4,27,88,0,0,0,0,0,87,18,43,0,0,0,0,0,84
10099 ,1C4,27,88,0,0,0,0,0,87,21,-48,0,0,0,0,0,-4
7873 ,1C4,27,88,0,0,0,0,0,87,19,-155,0,0,0,0,0,-113
15684 ,1C4,27,88,0,0,0,0,0,87,20,-74,0,0,0,0,0,-31
19174 ,1C4,27,88,0,0,0,0,0,87,22,-95,0,0,0,0,0,-50
1104 ,1C4,27,88,0,0,0,0,0,87,21,-38,0,0,0,0,0,6
1682 ,1C4,27,88,0,0,0,0,0,87,21,-39,0,0,0,0,0,5
20757 ,1C4,27,88,0,0,0,0,0,87,21,-89,0,0,0,0,0,-45
11085 ,1C4,27,88,0,0,0,0,0,87,21,-39,0,0,0,0,0,5
19330 ,1C4,27,88,0,0,0,0,0,87,21,-38,0,0,0,0,0,6
12453 ,1C4,27,88,0,0,0,0,0,87,19,42,0,0,0,0,0,84
1151 ,1C4,27,88,0,0,0,0,0,87,21,-40,0,0,0,0,0,4
4530 ,1C4,27,88,0,0,0,0,0,87,20,-108,0,0,0,0,0,-65
5596 ,1C4,27,88,0,0,0,0,0,87,21,-136,0,0,0,0,0,-92
22551 ,1C4,27,88,0,0,0,0,0,87,22,-90,0,0,0,0,0,-45
75 ,1C4,27,88,0,0,0,0,0,87,19,65,0,0,0,0,0,-149
8278 ,1C4,27,88,0,0,0,0,0,87,21,-39,0,0,0,0,0,5
5388 ,1C4,27,88,0,0,0,0,0,87,21,-41,0,0,0,0,0,3
10152 ,1C4,27,88,0,0,0,0,0,87,21,-44,0,0,0,0,0,0
16641 ,1C4,27,88,0,0,0,0,0,87,19,-146,0,0,0,0,0,-104
4069 ,1C4,27,88,0,0,0,0,0,87,21,-84,0,0,0,0,0,-40
16900 ,1C4,27,88,0,0,0,0,0,87,20,-105,0,0,0,0,0,-62
7858 ,1C4,27,88,0,0,0,0,0,87,21,-32,0,0,0,0,0,12
3547 ,1C4,27,88,0,0,0,0,0,87,21,-110,0,0,0,0,0,-66
16897 ,1C4,27,88,0,0,0,0,0,87,21,47,0,0,0,0,0,-165
17988 ,1C4,27,88,0,0,0,0,0,87,21,-34,0,0,0,0,0,10
4634 ,1C4,27,88,0,0,0,0,0,87,22,-158,0,0,0,0,0,-113
21332 ,1C4,27,88,0,0,0,0,0,87,19,60,0,0,0,0,0,-154
23215 ,1C4,27,88,0,0,0,0,0,87,21,-11,0,0,0,0,0,33
5720 ,1C4,27,88,0,0,0,0,0,87,21,-44,0,0,0,0,0,0
13134 ,1C4,27,88,0,0,0,0,0,87,19,-139,0,0,0,0,0,-97
5701 ,1C4,27,88,0,0,0,0,0,87,19,-152,0,0,0,0,0,-110
8887 ,1C4,27,88,0,0,0,0,0,87,21,50,0,0,0,0,0,-162
18254 ,1C4,27,88,0,0,0,0,0,87,18,-53,0,0,0,0,0,-12
1300 ,1C4,27,88,0,0,0,0,0,87,21,-43,0,0,0,0,0,1
19053 ,1C4,27,88,0,0,0,0,0,87,18,52,0,0,0,0,0,-163
13347 ,1C4,27,88,0,0,0,0,0,87,21,-15,0,0,0,0,0,29
10691 ,1C4,27,88,0,0,0,0,0,87,21,-28,0,0,0,0,0,16
15413 ,1C4,27,88,0,0,0,0,0,87,18,87,0,0,0,0,0,-128
3723 ,1C4,27,88,0,0,0,0,0,87,21,-42,0,0,0,0,0,2
13385 ,1C4,27,88,0,0,0,0,0,87,21,-43,0,0,0,0,0,1
8560 ,1C4,27,88,0,0,0,0,0,87,22,-137,0,0,0,0,0,-92
6415 ,1C4,27,88,0,0,0,0,0,87,21,-34,0,0,0,0,0,10
23738 ,1C4,27,88,0,0,0,0,0,87,19,-28,0,0,0,0,0,14
13253 ,1C4,27,88,0,0,0,0,0,87,21,-47,0,0,0,0,0,-3
3844 ,1C4,27,88,0,0,0,0,0,87,21,-53,0,0,0,0,0,-9
8286 ,1C4,27,88,0,0,0,0,0,87,21,-143,0,0,0,0,0,-99
15817 ,1C4,27,88,0,0,0,0,0,87,21,-39,0,0,0,0,0,5
494 ,1C4,27,88,0,0,0,0,0,87,21,-34,0,0,0,0,0,10
5058 ,1C4,27,88,0,0,0,0,0,87,21,-38,0,0,0,0,0,6
4584 ,1C4,27,88,0,0,0,0,0,87,21,7,0,0,0,0,0,51
3534 ,1C4,27,88,0,0,0,0,0,87,21,-92,0,0,0,0,0,-48
18377 ,1C4,27,88,0,0,0,0,0,87,21,-43,0,0,0,0,0,1
19185 ,1C4,27,88,0,0,0,0,0,87,21,-42,0,0,0,0,0,2
4644 ,1C4,27,88,0,0,0,0,0,87,21,-32,0,0,0,0,0,12
10979 ,1C4,27,88,0,0,0,0,0,87,21,-36,0,0,0,0,0,8
22376 ,1C4,27,88,0,0,0,0,0,87,21,-44,0,0,0,0,0,0
2902 ,1C4,27,88,0,0,0,0,0,87,21,-38,0,0,0,0,0,6
14170 ,1C4,27,88,0,0,0,0,0,87,21,-89,0,0,0,0,0,-45
14064 ,1C4,27,88,0,0,0,0,0,87,21,-43,0,0,0,0,0,1
15832 ,1C4,27,88,0,0,0,0,0,87,20,45,0,0,0,0,0,-168
6808 ,1C4,27,88,0,0,0,0,0,87,21,-47,0,0,0,0,0,-3
6753 ,1C4,27,88,0,0,0,0,0,87,21,-50,0,0,0,0,0,-6
5603 ,1C4,27,88,0,0,0,0,0,87,21,-43,0,0,0,0,0,1
3183 ,1C4,27,88,0,0,0,0,0,87,21,-38,0,0,0,0,0,6
3799 ,1C4,27,88,0,0,0,0,0,87,21,-43,0,0,0,0,0,1
22411 ,1C4,27,88,0,0,0,0,0,87,18,52,0,0,0,0,0,-163
9356 ,1C4,27,88,0,0,0,0,0,87,21,-43,0,0,0,0,0,1
3562 ,1C4,27,88,0,0,0,0,0,87,22,-103,0,0,0,0,0,-58
3349 ,1C4,27,88,0,0,0,0,0,87,21,-41,0,0,0,0,0,3
7590 ,1C4,27,88,0,0,0,0,0,87,21,-38,0,0,0,0,0,6
12444 ,1C4,27,88,0,0,0,0,0,87,21,-41,0,0,0,0,0,3
21862 ,1C4,27,88,0,0,0,0,0,87,21,-41,0,0,0,0,0,3
21302 ,1C4,27,88,0,0,0,0,0,87,21,-60,0,0,0,0,0,-16
22130 ,1C4,27,88,0,0,0,0,0,87,21,22,0,0,0,0,0,66
3186 ,1C4,27,88,0,0,0,0,0,87,21,-31,0,0,0,0,0,13
10254 ,1C4,27,88,0,0,0,0,0,87,21,-46,0,0,0,0,0,-2
17955 ,1C4,27,88,0,0,0,0,0,87,21,-52,0,0,0,0,0,-8
1514 ,1C4,27,88,0,0,0,0,0,87,21,-40,0,0,0,0,0,4
18520 ,1C4,27,88,0,0,0,0,0,87,17,50,0,0,0,0,0,-166
7334 ,1C4,27,88,0,0,0,0,0,87,21,-33,0,0,0,0,0,11
14603 ,1C4,27,88,0,0,0,0,0,87,18,64,0,0,0,0,0,-151
16469 ,1C4,27,88,0,0,0,0,0,87,21,-39,0,0,0,0,0,5
5969 ,1C4,27,88,0,0,0,0,0,87,21,-30,0,0,0,0,0,14
15364 ,1C4,27,88,0,0,0,0,0,87,21,-40,0,0,0,0,0,4
16755 ,1C4,27,88,0,0,0,0,0,87,21,-39,0,0,0,0,0,5
4777 ,1C4,27,88,0,0,0,0,0,87,21,-40,0,0,0,0,0,4
20776 ,1C4,27,88,0,0,0,0,0,87,22,-92,0,0,0,0,0,-47
5945 ,1C4,27,88,0,0,0,0,0,87,21,-42,0,0,0,0,0,2
18793 ,1C4,27,88,0,0,0,0,0,87,19,58,0,0,0,0,0,-156
20123 ,1C4,27,88,0,0,0,0,0,87,21,-39,0,0,0,0,0,5
19311 ,1C4,27,88,0,0,0,0,0,87,21,-147,0,0,0,0,0,-103
5442 ,1C4,27,88,0,0,0,0,0,87,21,-39,0,0,0,0,0,5
21069 ,1C4,27,88,0,0,0,0,0,87,21,-39,0,0,0,0,0,5
16219 ,1C4,27,88,0,0,0,0,0,87,18,60,0,0,0,0,0,-155
1598 ,1C4,27,88,0,0,0,0,0,87,21,-54,0,0,0,0,0,-10
1119 ,1C4,27,88,0,0,0,0,0,87,21,-65,0,0,0,0,0,-21
2793 ,1C4,27,88,0,0,0,0,0,87,21,-4,0,0,0,0,0,40
6532 ,1C4,27,88,0,0,0,0,0,87,18,33,0,0,0,0,0,74
927 ,1C4,27,88,0,0,0,0,0,87,21,-43,0,0,0,0,0,1
17022 ,1C4,27,88,0,0,0,0,0,87,21,-42,0,0,0,0,0,2
3241 ,1C4,27,88,0,0,0,0,0,87,21,-29,0,0,0,0,0,15
19527 ,1C4,27,88,0,0,0,0,0,87,21,-5,0,0,0,0,0,39
17567 ,1C4,27,88,0,0,0,0,0,87,20,-145,0,0,0,0,0,-102
21206 ,1C4,27,88,0,0,0,0,0,87,21,-37,0,0,0,0,0,7
5707 ,1C4,27,88,0,0,0,0,0,87,21,-45,0,0,0,0,0,-1
18757 ,1C4,27,88,0,0,0,0,0,87,21,-41,0,0,0,0,0,3
7761 ,1C4,27,88,0,0,0,0,0,87,21,-43,0,0,0,0,0,1
8634 ,1C4,27,88,0,0,0,0,0,87,21,-50,0,0,0,0,0,-6
23058 ,1C4,27,88,0,0,0,0,0,87,21,-60,0,0,0,0,0,-16
16990 ,1C4,27,88,0,0,0,0,0,87,21,-75,0,0,0,0,0,-31
13491 ,1C4,27,88,0,0,0,0,0,87,21,-38,0,0,0,0,0,6
21461 ,1C4,27,88,0,0,0,0,0,87,21,-49,0,0,0,0,0,-5
11647 ,1C4,27,88,0,0,0,0,0,87,21,-39,0,0,0,0,0,5
8412 ,1C4,27,88,0,0,0,0,0,87,18,43,0,0,0,0,0,84
5053 ,1C4,27,88,0,0,0,0,0,87,21,-44,0,0,0,0,0,0
1256 ,1C4,27,88,0,0,0,0,0,87,21,-50,0,0,0,0,0,-6
18852 ,1C4,27,88,0,0,0,0,0,87,21,-40,0,0,0,0,0,4
15029 ,1C4,27,88,0,0,0,0,0,87,20,-95,0,0,0,0,0,-52
4212 ,1C4,27,88,0,0,0,0,0,87,21,-42,0,0,0,0,0,2
2744 ,1C4,27,88,0,0,0,0,0,87,21,-143,0,0,0,0,0,-99
22403 ,1C4,27,88,0,0,0,0,0,87,21,-44,0,0,0,0,0,0
10019 ,1C4,27,88,0,0,0,0,0,87,21,-163,0,0,0,0,0,-119
12840 ,1C4,27,88,0,0,0,0,0,87,21,-18,0,0,0,0,0,26
13141 ,1C4,27,88,0,0,0,0,0,87,17,4,0,0,0,0,0,44
13631 ,1C4,27,88,0,0,0,0,0,87,21,-38,0,0,0,0,0,6
2109 ,1C4,27,88,0,0,0,0,0,87,21,-42,0,0,0,0,0,2
11377 ,1C4,27,88,0,0,0,0,0,87,21,-38,0,0,0,0,0,6
11894 ,1C4,27,88,0,0,0,0,0,87,21,-44,0,0,0,0,0,0
15088 ,1C4,27,88,0,0,0,0,0,87,21,-50,0,0,0,0,0,-6
9625 ,1C4,27,88,0,0,0,0,0,87,21,-41,0,0,0,0,0,3
23373 ,1C4,27,88,0,0,0,0,0,87,21,-44,0,0,0,0,0,0
5534 ,1C4,27,88,0,0,0,0,0,87,18,52,0,0,0,0,0,-163
11400 ,1C4,27,88,0,0,0,0,0,87,21,-41,0,0,0,0,0,3
7465 ,1C4,27,88,0,0,0,0,0,87,21,-50,0,0,0,0,0,-6
8478 ,1C4,27,88,0,0,0,0,0,87,21,-38,0,0,0,0,0,6
19334 ,1C4,27,88,0,0,0,0,0,87,21,-44,0,0,0,0,0,0
11918 ,1C4,27,88,0,0,0,0,0,87,21,-39,0,0,0,0,0,5
9011 ,1C4,27,88,0,0,0,0,0,87,21,-37,0,0,0,0,0,7
3845 ,1C4,27,88,0,0,0,0,0,87,19,-129,0,0,0,0,0,-87
6804 ,1C4,27,88,0,0,0,0,0,87,21,-44,0,0,0,0,0,0
10301 ,1C4,27,88,0,0,0,0,0,87,21,-35,0,0,0,0,0,9
9298 ,1C4,27,88,0,0,0,0,0,87,21,-35,0,0,0,0,0,9
3183 ,1C4,27,88,0,0,0,0,0,87,19,58,0,0,0,0,0,-156
22024 ,1C4,27,88,0,0,0,0,0,87,21,-39,0,0,0,0,0,5
7754 ,1C4,27,88,0,0,0,0,0,87,21,-44,0,0,0,0,0,0
3559 ,1C4,27,88,0,0,0,0,0,87,21,-41,0,0,0,0,0,3
20874 ,1C4,27,88,0,0,0,0,0,87,21,-19,0,0,0,0,0,25
13503 ,1C4,27,88,0,0,0,0,0,87,21,-43,0,0,0,0,0,1
1020 ,1C4,27,88,0,0,0,0,0,87,21,-28,0,0,0,0,0,16
12332 ,1C4,27,88,0,0,0,0,0,87,21,-45,0,0,0,0,0,-1
2894 ,1C4,27,88,0,0,0,0,0,87,21,-70,0,0,0,0,0,-26
21971 ,1C4,27,88,0,0,0,0,0,87,21,-26,0,0,0,0,0,18
2206 ,1C4,27,88,0,0,0,0,0,87,21,-39,0,0,0,0,0,5
14282 ,1C4,27,88,0,0,0,0,0,87,21,-39,0,0,0,0,0,5
4797 ,1C4,27,88,0,0,0,0,0,87,19,-6,0,0,0,0,0,36
17831 ,1C4,27,88,0,0,0,0,0,87,21,-83,0,0,0,0,0,-39
4351 ,1C4,27,88,0,0,0,0,0,87,21,-18,0,0,0,0,0,26
3911 ,1C4,27,88,0,0,0,0,0,87,21,-37,0,0,0,0,0,7
21839 ,1C4,27,88,0,0,0,0,0,87,21,-92,0,0,0,0,0,-48
8956 ,1C4,27,88,0,0,0,0,0,87,21,-42,0,0,0,0,0,2
4384 ,1C4,27,88,0,0,0,0,0,87,21,-42,0,0,0,0,0,2
11356 ,1C4,27,88,0,0,0,0,0,87,21,-42,0,0,0,0,0,2
20959 ,1C4,27,88,0,0,0,0,0,87,21,-49,0,0,0,0,0,-5
14151 ,1C4,27,88,0,0,0,0,0,87,21,31,0,0,0,0,0,75
8590 ,1C4,27,88,0,0,0,0,0,87,21,-46,0,0,0,0,0,-2
7847 ,1C4,27,88,0,0,0,0,0,87,21,-38,0,0,0,0,0,6
7576 ,1C4,27,88,0,0,0,0,0,87,19,5,0,0,0,0,0,47
7593 ,1C4,27,88,0,0,0,0,0,87,21,-46,0,0,0,0,0,-2
13675 ,1C4,27,88,0,0,0,0,0,87,21,-40,0,0,0,0,0,4
4907 ,1C4,27,88,0,0,0,0,0,87,21,-40,0,0,0,0,0,4
22669 ,1C4,27,88,0,0,0,0,0,87,21,-44,0,0,0,0,0,0
13256 ,1C4,27,88,0,0,0,0,0,87,19,-35,0,0,0,0,0,7
2363 ,1C4,27,88,0,0,0,0,0,87,21,-40,0,0,0,0,0,4
18910 ,1C4,27,88,0,0,0,0,0,87,21,-40,0,0,0,0,0,4
570 ,1C4,27,88,0,0,0,0,0,87,21,-90,0,0,0,0,0,-46
12992 ,1C4,27,88,0,0,0,0,0,87,21,-39,0,0,0,0,0,5
12995 ,1C4,27,88,0,0,0,0,0,87,21,-39,0,0,0,0,0,5
22403 ,1C4,27,88,0,0,0,0,0,87,21,-42,0,0,0,0,0,2
12969 ,1C4,27,88,0,0,0,0,0,87,21,-32,0,0,0,0,0,12
20530 ,1C4,27,88,0,0,0,0,0,87,19,-53,0,0,0,0,0,-11
13660 ,1C4,27,88,0,0,0,0,0,87,21,-38,0,0,0,0,0,6
14214 ,1C4,27,88,0,0,0,0,0,87,18,-111,0,0,0,0,0,-70
10831 ,1C4,27,88,0,0,0,0,0,87,18,52,0,0,0,0,0,-163
13951 ,1C4,27,88,0,0,0,0,0,87,21,-43,0,0,0,0,0,1
21206 ,1C4,27,88,0,0,0,0,0,87,19,30,0,0,0,0,0,72
19603 ,1C4,27,88,0,0,0,0,0,87,19,65,0,0,0,0,0,-149
5926 ,1C4,27,88,0,0,0,0,0,87,18,53,0,0,0,0,0,-162
17053 ,1C4,27,88,0,0,0,0,0,87,22,-103,0,0,0,0,0,-58
19439 ,1C4,27,88,0,0,0,0,0,87,21,-39,0,0,0,0,0,5
4493 ,1C4,27,88,0,0,0,0,0,87,21,-107,0,0,0,0,0,-63
21858 ,1C4,27,88,0,0,0,0,0,87,21,-35,0,0,0,0,0,9
5985 ,1C4,27,88,0,0,0,0,0,87,21,-44,0,0,0,0,0,0
16997 ,1C4,27,88,0,0,0,0,0,87,21,-30,0,0,0,0,0,14
486 ,1C4,27,88,0,0,0,0,0,87,18,42,0,0,0,0,0,83
23833 ,1C4,27,88,0,0,0,0,0,87,21,-36,0,0,0,0,0,8
3415 ,1C4,27,88,0,0,0,0,0,87,21,-94,0,0,0,0,0,-50
12597 ,1C4,27,88,0,0,0,0,0,87,21,-86,0,0,0,0,0,-42
7493 ,1C4,27,88,0,0,0,0,0,87,21,-44,0,0,0,0,0,0
8134 ,1C4,27,88,0,0,0,0,0,87,22,-166,0,0,0,0,0,-121
19722 ,1C4,27,88,0,0,0,0,0,87,21,-35,0,0,0,0,0,9
20408 ,1C4,27,88,0,0,0,0,0,87,19,66,0,0,0,0,0,-148
20658 ,1C4,27,88,0,0,0,0,0,87,19,-71,0,0,0,0,0,-29
16369 ,1C4,27,88,0,0,0,0,0,87,21,-116,0,0,0,0,0,-72
21446 ,1C4,27,88,0,0,0,0,0,87,21,-75,0,0,0,0,0,-31
5433 ,1C4,27,88,0,0,0,0,0,87,17,69,0,0,0,0,0,-147
220 ,1C4,27,88,0,0,0,0,0,87,17,51,0,0,0,0,0,-165
22480 ,1C4,27,88,0,0,0,0,0,87,21,-87,0,0,0,0,0,-43
13942 ,1C4,27,88,0,0,0,0,0,87,20,-82,0,0,0,0,0,-39
17684 ,1C4,27,88,0,0,0,0,0,87,21,-115,0,0,0,0,0,-71
18 ,1C4,27,88,0,0,0,0,0,87,21,-26,0,0,0,0,0,18
13413 ,1C4,27,88,0,0,0,0,0,87,21,-40,0,0,0,0,0,4
20947 ,1C4,27,88,0,0,0,0,0,87,21,-46,0,0,0,0,0,-2
17717 ,1C4,27,88,0,0,0,0,0,87,21,-77,0,0,0,0,0,-33
16757 ,1C4,27,88,0,0,0,0,0,87,19,-33,0,0,0,0,0,9
9199 ,1C4,27,88,0,0,0,0,0,87,21,-49,0,0,0,0,0,-5
12764 ,1C4,27,88,0,0,0,0,0,87,21,-40,0,0,0,0,0,4
17016 ,1C4,27,88,0,0,0,0,0,87,21,-38,0,0,0,0,0,6
11693 ,1C4,27,88,0,0,0,0,0,87,19,-24,0,0,0,0,0,18
12710 ,1C4,27,88,0,0,0,0,0,87,21,-43,0,0,0,0,0,1
23330 ,1C4,27,88,0,0,0,0,0,87,21,-89,0,0,0,0,0,-45
13567 ,1C4,27,88,0,0,0,0,0,87,21,-29,0,0,0,0,0,15
21869 ,1C4,27,88,0,0,0,0,0,87,19,-113,0,0,0,0,0,-71
17115 ,1C4,27,88,0,0,0,0,0,87,19,-119,0,0,0,0,0,-77
23370 ,1C4,27,88,0,0,0,0,0,87,21,-42,0,0,0,0,0,2
8148 ,1C4,27,88,0,0,0,0,0,87,21,-38,0,0,0,0,0,6
3721 ,1C4,27,88,0,0,0,0,0,87,19,59,0,0,0,0,0,-155
14971 ,1C4,27,88,0,0,0,0,0,87,21,-13,0,0,0,0,0,31
21057 ,1C4,27,88,0,0,0,0,0,87,21,-48,0,0,0,0,0,-4
14198 ,1C4,27,88,0,0,0,0,0,87,21,-92,0,0,0,0,0,-48
14872 ,1C4,27,88,0,0,0,0,0,87,19,-133,0,0,0,0,0,-91
19477 ,1C4,27,88,0,0,0,0,0,87,21,-39,0,0,0,0,0,5
13686 ,1C4,27,88,0,0,0,0,0,87,22,-121,0,0,0,0,0,-76
602 ,1C4,27,88,0,0,0,0,0,87,21,-41,0,0,0,0,0,3
16727 ,1C4,27,88,0,0,0,0,0,87,21,-113,0,0,0,0,0,-69
12538 ,1C4,27,88,0,0,0,0,0,87,21,-3,0,0,0,0,0,41
7605 ,1C4,27,88,0,0,0,0,0,87,21,-40,0,0,0,0,0,4
10631 ,1C4,27,88,0,0,0,0,0,87,21,-38,0,0,0,0,0,6
13254 ,1C4,27,88,0,0,0,0,0,87,21,-136,0,0,0,0,0,-92
14760 ,1C4,27,88,0,0,0,0,0,87,19,-97,0,0,0,0,0,-55
4503 ,1C4,27,88,0,0,0,0,0,87,21,-26,0,0,0,0,0,18
20900 ,1C4,27,88,0,0,0,0,0,87,21,-37,0,0,0,0,0,7
5873 ,1C4,27,88,0,0,0,0,0,87,18,86,0,0,0,0,0,-129
9905 ,1C4,27,88,0,0,0,0,0,87,21,-44,0,0,0,0,0,0
2377 ,1C4,27,88,0,0,0,0,0,87,21,-28,0,0,0,0,0,16
10294 ,1C4,27,88,0,0,0,0,0,87,21,-32,0,0,0,0,0,12
8283 ,1C4,27,88,0,0,0,0,0,87,21,-43,0,0,0,0,0,1
5019 ,1C4,27,88,0,0,0,0,0,87,19,-152,0,0,0,0,0,-110
18874 ,1C4,27,88,0,0,0,0,0,87,21,-45,0,0,0,0,0,-1
8953 ,1C4,27,88,0,0,0,0,0,87,21,-42,0,0,0,0,0,2
8676 ,1C4,27,88,0,0,0,0,0,87,21,-42,0,0,0,0,0,2
18895 ,1C4,27,88,0,0,0,0,0,87,21,-35,0,0,0,0,0,9
7051 ,1C4,27,88,0,0,0,0,0,87,21,-121,0,0,0,0,0,-77
20181 ,1C4,27,88,0,0,0,0,0,87,21,-34,0,0,0,0,0,10
16905 ,1C4,27,88,0,0,0,0,0,87,19,-165,0,0,0,0,0,-123
5687 ,1C4,27,88,0,0,0,0,0,87,21,-78,0,0,0,0,0,-34
13242 ,1C4,27,88,0,0,0,0,0,87,21,-138,0,0,0,0,0,-94
7434 ,1C4,27,88,0,0,0,0,0,87,21,-35,0,0,0,0,0,9
2731 ,1C4,27,88,0,0,0,0,0,87,21,-110,0,0,0,0,0,-66
7611 ,1C4,27,88,0,0,0,0,0,87,21,-39,0,0,0,0,0,5
5608 ,1C4,27,88,0,0,0,0,0,87,19,-133,0,0,0,0,0,-91
569 ,1C4,27,88,0,0,0,0,0,87,21,-25,0,0,0,0,0,19
10947 ,1C4,27,88,0,0,0,0,0,87,21,-81,0,0,0,0,0,-37
14481 ,1C4,27,88,0,0,0,0,0,87,18,44,0,0,0,0,0,85
19317 ,1C4,27,88,0,0,0,0,0,87,21,-40,0,0,0,0,0,4
2370 ,1C4,27,88,0,0,0,0,0,87,18,40,0,0,0,0,0,81
13783 ,1C4,27,88,0,0,0,0,0,87,21,-39,0,0,0,0,0,5
4374 ,1C4,27,88,0,0,0,0,0,87,17,5,0,0,0,0,0,45
6950 ,1C4,27,88,0,0,0,0,0,87,20,-111,0,0,0,0,0,-68
334 ,1C4,27,88,0,0,0,0,0,87,21,-39,0,0,0,0,0,5
6267 ,1C4,27,88,0,0,0,0,0,87,21,-44,0,0,0,0,0,0
9909 ,1C4,27,88,0,0,0,0,0,87,18,84,0,0,0,0,0,-131
7222 ,1C4,27,88,0,0,0,0,0,87,21,-39,0,0,0,0,0,5
18777 ,1C4,27,88,0,0,0,0,0,87,21,-40,0,0,0,0,0,4
194 ,1C4,27,88,0,0,0,0,0,87,21,-23,0,0,0,0,0,21
9004 ,1C4,27,88,0,0,0,0,0,87,21,-39,0,0,0,0,0,5
17566 ,1C4,27,88,0,0,0,0,0,87,21,-46,0,0,0,0,0,-2
6405 ,1C4,27,88,0,0,0,0,0,87,21,-38,0,0,0,0,0,6
5179 ,1C4,27,88,0,0,0,0,0,87,17,87,0,0,0,0,0,-129
1023 ,1C4,27,88,0,0,0,0,0,87,22,-116,0,0,0,0,0,-71
1572 ,1C4,27,88,0,0,0,0,0,87,21,-42,0,0,0,0,0,2
8687 ,1C4,27,88,0,0,0,0,0,87,21,-39,0,0,0,0,0,5
8002 ,1C4,27,88,0,0,0,0,0,87,21,-29,0,0,0,0,0,15
21629 ,1C4,27,88,0,0,0,0,0,87,22,-76,0,0,0,0,0,-31
23365 ,1C4,27,88,0,0,0,0,0,87,18,64,0,0,0,0,0,-151
20380 ,1C4,27,88,0,0,0,0,0,87,21,-41,0,0,0,0,0,3
8914 ,1C4,27,88,0,0,0,0,0,87,21,-11,0,0,0,0,0,33
2762 ,1C4,27,88,0,0,0,0,0,87,20,76,0,0,0,0,0,-137
19155 ,1C4,27,88,0,0,0,0,0,87,21,-15,0,0,0,0,0,29
10452 ,1C4,27,88,0,0,0,0,0,87,21,-43,0,0,0,0,0,1
